num_step,brute_force,approximate
1,,
2,,
3,,
4,221.75905560619236,221.75905560619236
5,133.012614598403,133.012614598403
6,109.2792037503751,109.52823732413387
7,101.71618336814058,101.96521694189936
8,82.59848064572122,82.84751421948
9,63.53393178286102,63.7829653566198
10,54.270552678942785,54.51958625270156
11,45.64281150230096,45.64281150230096
12,37.53170396589907,37.53170396589907
13,36.16187129050502,36.16187129050502
14,34.96622060722471,34.96622060722471
15,31.65952788083134,31.917511340837052
16,23.556442758474667,23.81442621848037
17,21.549041628871272,21.549041628871272
18,21.549041628871272,21.549041628871272
19,19.247391983519748,19.247391983519748
20,17.11167117420984,17.11167117420984
21,16.639975667826302,16.639975667826302
22,15.108469336972473,15.31565290495035
23,13.51872856458528,13.725912132563156
24,13.51872856458528,13.725912132563156
25,13.51872856458528,13.725912132563156
26,12.549902158881968,12.757085726859845
27,12.392590462437699,12.392590462437699
28,12.390980316334185,12.390980316334185
29,10.997863139905558,10.997863139905558
30,7.930425073274402,7.930425073274402
31,7.930425073274402,7.930425073274402
32,6.6129102855402335,6.6129102855402335
33,6.6129102855402335,6.6129102855402335
34,6.6129102855402335,6.6129102855402335
35,6.6129102855402335,6.6129102855402335
36,5.602590212307893,5.602590212307893
37,5.236145635212643,5.376934811498026
38,5.236145635212643,5.376934811498026
39,5.236145635212643,5.376934811498026
40,5.236145635212643,5.376934811498026
41,4.579383477574997,4.720172653860381
42,3.7863149074510134,3.7863149074510134
43,3.7863149074510134,3.7863149074510134
44,3.7863149074510134,3.7863149074510134
45,3.7863149074510134,3.7863149074510134
46,3.7863149074510134,3.7863149074510134
47,3.7862607010141787,3.7862607010141787
48,3.4635719524226074,3.4635719524226074
49,3.4635719524226074,3.4635719524226074
50,3.4635719524226074,3.4635719524226074
51,3.4635719524226074,3.4635719524226074
52,3.4635719524226074,3.4635719524226074
53,3.4635719524226074,3.4635719524226074
54,3.4635719524226074,3.4635719524226074
55,3.4635719524226074,3.4635719524226074
56,3.4635719524226074,3.4635719524226074
57,3.448202297322864,3.448202297322864
58,2.9418118180670643,2.9418118180670643
59,2.9418118180670643,2.9418118180670643
60,2.733420491634632,2.733420491634632
61,2.733420491634632,2.733420491634632
62,2.733420491634632,2.733420491634632
63,2.5361734392537363,2.5361734392537363
64,2.5250458315373114,2.5250458315373114
65,2.5250458315373114,2.5250458315373114
66,2.5250458315373114,2.5250458315373114
67,2.5250458315373114,2.5250458315373114
68,2.5250458315373114,2.5250458315373114
69,2.5250458315373114,2.5250458315373114
70,2.5250458315373114,2.5250458315373114
71,2.5250458315373114,2.5250458315373114
72,2.39974846940206,2.39974846940206
73,2.323994624148528,2.323994624148528
74,2.323994624148528,2.323994624148528
75,2.323994624148528,2.323994624148528
76,2.323994624148528,2.323994624148528
77,2.323994624148528,2.323994624148528
78,2.323994624148528,2.323994624148528
79,2.323994624148528,2.323994624148528
80,2.323994624148528,2.323994624148528
81,2.323994624148528,2.323994624148528
82,2.038044829317028,2.038044829317028
83,2.038044829317028,2.038044829317028
84,2.038044829317028,2.038044829317028
85,1.8285320925665818,1.8285320925665818
86,1.8285320925665818,1.8285320925665818
87,1.6004853196402096,1.6004853196402096
88,1.6004853196402096,1.6004853196402096
89,1.6004853196402096,1.6004853196402096
90,1.6004853196402096,1.6004853196402096
91,1.6004853196402096,1.6004853196402096
92,1.6004853196402096,1.6004853196402096
93,1.6004853196402096,1.6004853196402096
94,1.6004853196402096,1.6004853196402096
95,1.6004853196402096,1.6004853196402096
96,1.6004853196402096,1.6004853196402096
97,1.6004853196402096,1.6004853196402096
98,1.6004853196402096,1.6004853196402096
99,1.6004853196402096,1.6004853196402096
100,1.6004853196402096,1.6004853196402096
101,1.1071628778411113,1.1071628778411113
102,1.1071628778411113,1.1071628778411113
103,1.1071628778411113,1.1071628778411113
104,1.1071628778411113,1.1071628778411113
105,1.1071628778411113,1.1071628778411113
106,1.030796158804709,1.0549051912298286
107,1.030796158804709,1.0549051912298286
108,0.9485016356090268,0.9726106680341463
109,0.9485016356090268,0.9726106680341463
110,0.9485016356090268,0.9726106680341463
111,0.9485016356090268,0.9726106680341463
112,0.9485016356090268,0.9726106680341463
113,0.9485016356090268,0.9726106680341463
114,0.9485016356090268,0.9726106680341463
115,0.9485016356090268,0.9726106680341463
116,0.9485016356090268,0.9726106680341463
117,0.889099800318618,0.889099800318618
118,0.889099800318618,0.889099800318618
119,0.889099800318618,0.889099800318618
120,0.806827809676957,0.806827809676957
121,0.806827809676957,0.806827809676957
122,0.806827809676957,0.806827809676957
123,0.806827809676957,0.806827809676957
124,0.8068239100478019,0.8068239100478019
125,0.8068239100478019,0.8068239100478019
126,0.7348155088297019,0.7348155088297019
127,0.7348155088297019,0.7348155088297019
128,0.7348155088297019,0.7348155088297019
129,0.7348155088297019,0.7348155088297019
130,0.7348155088297019,0.7348155088297019
131,0.7348155088297019,0.7348155088297019
132,0.7348155088297019,0.7348155088297019
133,0.7348155088297019,0.7348155088297019
134,0.7348155088297019,0.7348155088297019
135,0.7348155088297019,0.7348155088297019
136,0.7348155088297019,0.7348155088297019
137,0.7348155088297019,0.7348155088297019
138,0.7348155088297019,0.7348155088297019
139,0.7348155088297019,0.7348155088297019
140,0.7348155088297019,0.7348155088297019
141,0.7348155088297019,0.7348155088297019
142,0.7068189664404196,0.7068189664404196
143,0.7068189664404196,0.7068189664404196
144,0.7068189664404196,0.7068189664404196
145,0.7068189664404196,0.7068189664404196
146,0.7068189664404196,0.7068189664404196
147,0.7068189664404196,0.7068189664404196
148,0.7068189664404196,0.7068189664404196
149,0.6830078764403401,0.6830078764403401
150,0.6830078764403401,0.6830078764403401
151,0.6830078764403401,0.6830078764403401
152,0.6245235764671826,0.6245235764671826
153,0.6245235764671826,0.6245235764671826
154,0.6245235764671826,0.6245235764671826
155,0.6245235764671826,0.6245235764671826
156,0.6245235764671826,0.6245235764671826
157,0.6245235764671826,0.6245285200745649
158,0.6245235764671826,0.6245285200745649
159,0.6245235764671826,0.6245285200745649
160,0.6245235764671826,0.6245285200745649
161,0.6245235764671826,0.6245285200745649
162,0.6245235764671826,0.6245285200745649
163,0.6245235764671826,0.6245285200745649
164,0.6245235764671826,0.6245285200745649
165,0.6245235764671826,0.6245285200745649
166,0.6245235764671826,0.6245285200745649
167,0.6245235764671826,0.6245285200745649
168,0.6245235764671826,0.6245285200745649
169,0.6245235764671826,0.6245285200745649
170,0.6245235764671826,0.6245285200745649
171,0.6245235764671826,0.6245285200745649
172,0.6245235764671826,0.6245285200745649
173,0.6245235764671826,0.6245285200745649
174,0.6245235764671826,0.6245285200745649
175,0.5830195176893971,0.5830244612967794
176,0.5830195176893971,0.5830244612967794
177,0.5830195176893971,0.5830244612967794
178,0.5830195176893971,0.5830244612967794
179,0.5830195176893971,0.5830244612967794
180,0.5830195176893971,0.5830244612967794
181,0.5830195176893971,0.5830244612967794
182,0.5830195176893971,0.5830244612967794
183,0.5830195176893971,0.5830244612967794
184,0.5830195176893971,0.5830244612967794
185,0.5830195176893971,0.5830244612967794
186,0.5830195176893971,0.5830244612967794
187,0.5830195176893971,0.5830244612967794
188,0.5830195176893971,0.5830244612967794
189,0.5830195176893971,0.5830244612967794
190,0.5830195176893971,0.5830244612967794
191,0.5830195176893971,0.5830244612967794
192,0.5830195176893971,0.5830244612967794
193,0.5830195176893971,0.5830244612967794
194,0.5415157000268425,0.5415157000268425
195,0.5415157000268425,0.5415157000268425
196,0.5415157000268425,0.5415157000268425
197,0.5415157000268425,0.5415157000268425
198,0.5415157000268425,0.5415157000268425
199,0.5415157000268425,0.5415157000268425
200,0.4830296094978143,0.4830296094978143
201,0.4830296094978143,0.4830296094978143
202,0.4830296094978143,0.4830296094978143
203,0.4830296094978143,0.4830296094978143
204,0.4830296094978143,0.4830296094978143
205,0.4830296094978143,0.4830296094978143
206,0.4830296094978143,0.4830296094978143
207,0.4830296094978143,0.4830296094978143
208,0.4830296094978143,0.4830296094978143
209,0.4830296094978143,0.4830296094978143
210,0.4830296094978143,0.4830296094978143
211,0.4830296094978143,0.4830296094978143
212,0.4830296094978143,0.4830296094978143
213,0.4830296094978143,0.4830296094978143
214,0.4830296094978143,0.4830296094978143
215,0.4830296094978143,0.4830296094978143
216,0.4830296094978143,0.4830296094978143
217,0.4830296094978143,0.4830296094978143
218,0.4830296094978143,0.4830296094978143
219,0.4830296094978143,0.4830296094978143
220,0.4830296094978143,0.4830296094978143
221,0.4830296094978143,0.4830296094978143
222,0.4830296094978143,0.4830296094978143
223,0.4830296094978143,0.4830296094978143
224,0.4830296094978143,0.4830296094978143
225,0.4830296094978143,0.4830296094978143
226,0.4830296094978143,0.4830296094978143
227,0.4830296094978143,0.4830296094978143
228,0.4830296094978143,0.4830296094978143
229,0.4830296094978143,0.4830296094978143
230,0.4830296094978143,0.4830296094978143
231,0.4830296094978143,0.4830296094978143
232,0.4830296094978143,0.4830296094978143
233,0.4830296094978143,0.4830296094978143
234,0.4830296094978143,0.4830296094978143
235,0.4830262119087342,0.4830262119087342
236,0.4830262119087342,0.4830262119087342
237,0.4830262119087342,0.4830262119087342
238,0.4830262119087342,0.4830262119087342
239,0.4830262119087342,0.4830262119087342
240,0.4415139094709718,0.4415139094709718
241,0.4415139094709718,0.4415139094709718
242,0.4415139094709718,0.4415139094709718
243,0.4415139094709718,0.4415139094709718
244,0.4415139094709718,0.4415139094709718
245,0.4415139094709718,0.4415139094709718
246,0.4415139094709718,0.4415139094709718
247,0.4415139094709718,0.4415139094709718
248,0.4415139094709718,0.4415139094709718
249,0.4415139094709718,0.4415139094709718
250,0.4415139094709718,0.4415139094709718
251,0.4,0.4
252,0.4,0.4
253,0.4,0.4
254,0.4,0.4
255,0.4,0.4
256,0.4,0.4
257,0.3,0.3
258,0.3,0.3
259,0.3,0.3
260,0.3,0.3
261,0.3,0.3
262,0.3,0.3
263,0.3,0.3
264,0.3,0.3
265,0.3,0.3
266,0.3,0.3
267,0.3,0.3
268,0.3,0.3
269,0.3,0.3
270,0.3,0.3
271,0.3,0.3
272,0.3,0.3
273,0.3,0.3
274,0.3,0.3
275,0.3,0.3
276,0.3,0.3
277,0.3,0.3
278,0.2,0.2
279,0.2,0.2
280,0.2,0.2
281,0.2,0.2
282,0.2,0.2
283,0.2,0.2
284,0.2,0.2
285,0.2,0.2
286,0.2,0.2
287,0.2,0.2
288,0.2,0.2
289,0.2,0.2
290,0.2,0.2
291,0.2,0.2
292,0.2,0.2
293,0.2,0.2
294,0.1,0.1
295,0.1,0.1
296,0.1,0.1
297,0.1,0.1
298,0.1,0.1
299,0.1,0.1
300,0.1,0.1
301,0.1,0.1
302,0.1,0.1
303,0.1,0.1
304,0.1,0.1
305,0.1,0.1
306,0.1,0.1
307,0.1,0.1
308,0.1,0.1
309,0.1,0.1
310,0.1,0.1
311,0.1,0.1
312,0.1,0.1
313,0.1,0.1
314,0.1,0.1
315,0.1,0.1
316,0.1,0.1
317,0.1,0.1
318,0.1,0.1
319,0.1,0.1
320,0.1,0.1
321,0.1,0.1
322,0.1,0.1
323,0.1,0.1
324,0.1,0.1
325,0.0,0.0
326,0.0,0.0
327,0.0,0.0
328,0.0,0.0
329,0.0,0.0
330,0.0,0.0
331,0.0,0.0
332,0.0,0.0
333,0.0,0.0
334,0.0,0.0
335,0.0,0.0
336,0.0,0.0
337,0.0,0.0
338,0.0,0.0
339,0.0,0.0
340,0.0,0.0
341,0.0,0.0
342,0.0,0.0
343,0.0,0.0
344,0.0,0.0
345,0.0,0.0
346,0.0,0.0
347,0.0,0.0
348,0.0,0.0
349,0.0,0.0
350,0.0,0.0
351,0.0,0.0
352,0.0,0.0
353,0.0,0.0
354,0.0,0.0
355,0.0,0.0
356,0.0,0.0
357,0.0,0.0
358,0.0,0.0
359,0.0,0.0
360,0.0,0.0
361,0.0,0.0
362,0.0,0.0
363,0.0,0.0
364,0.0,0.0
365,0.0,0.0
366,0.0,0.0
367,0.0,0.0
368,0.0,0.0
369,0.0,0.0
370,0.0,0.0
371,0.0,0.0
372,0.0,0.0
373,0.0,0.0
374,0.0,0.0
375,0.0,0.0
376,0.0,0.0
377,0.0,0.0
378,0.0,0.0
379,0.0,0.0
380,0.0,0.0
381,0.0,0.0
382,0.0,0.0
383,0.0,0.0
384,0.0,0.0
385,0.0,0.0
386,0.0,0.0
387,0.0,0.0
388,0.0,0.0
389,0.0,0.0
390,0.0,0.0
391,0.0,0.0
392,0.0,0.0
393,0.0,0.0
394,0.0,0.0
395,0.0,0.0
396,0.0,0.0
397,0.0,0.0
398,0.0,0.0
399,0.0,0.0
400,0.0,0.0
401,0.0,0.0
402,0.0,0.0
403,0.0,0.0
404,0.0,0.0
405,0.0,0.0
406,0.0,0.0
407,0.0,0.0
408,0.0,0.0
409,0.0,0.0
410,0.0,0.0
411,0.0,0.0
412,0.0,0.0
413,0.0,0.0
414,0.0,0.0
415,0.0,0.0
416,0.0,0.0
417,0.0,0.0
418,0.0,0.0
419,0.0,0.0
420,0.0,0.0
421,0.0,0.0
422,0.0,0.0
423,0.0,0.0
424,0.0,0.0
425,0.0,0.0
426,0.0,0.0
427,0.0,0.0
428,0.0,0.0
429,0.0,0.0
430,0.0,0.0
431,0.0,0.0
432,0.0,0.0
433,0.0,0.0
434,0.0,0.0
435,0.0,0.0
436,0.0,0.0
437,0.0,0.0
438,0.0,0.0
439,0.0,0.0
440,0.0,0.0
441,0.0,0.0
442,0.0,0.0
443,0.0,0.0
444,0.0,0.0
445,0.0,0.0
446,0.0,0.0
447,0.0,0.0
448,0.0,0.0
449,0.0,0.0
450,0.0,0.0
451,0.0,0.0
452,0.0,0.0
453,0.0,0.0
454,0.0,0.0
455,0.0,0.0
456,0.0,0.0
457,0.0,0.0
458,0.0,0.0
459,0.0,0.0
460,0.0,0.0
461,0.0,0.0
462,0.0,0.0
463,0.0,0.0
464,0.0,0.0
465,0.0,0.0
466,0.0,0.0
467,0.0,0.0
468,0.0,0.0
469,0.0,0.0
470,0.0,0.0
471,0.0,0.0
472,0.0,0.0
473,0.0,0.0
474,0.0,0.0
475,0.0,0.0
476,0.0,0.0
477,0.0,0.0
478,0.0,0.0
479,0.0,0.0
480,0.0,0.0
481,0.0,0.0
482,0.0,0.0
483,0.0,0.0
484,0.0,0.0
485,0.0,0.0
486,0.0,0.0
487,0.0,0.0
488,0.0,0.0
489,0.0,0.0
490,0.0,0.0
491,0.0,0.0
492,0.0,0.0
493,0.0,0.0
494,0.0,0.0
495,0.0,0.0
496,0.0,0.0
497,0.0,0.0
498,0.0,0.0
499,0.0,0.0
500,0.0,0.0
501,0.0,0.0
502,0.0,0.0
503,0.0,0.0
504,0.0,0.0
505,0.0,0.0
506,0.0,0.0
507,0.0,0.0
508,0.0,0.0
509,0.0,0.0
510,0.0,0.0
511,0.0,0.0
512,0.0,0.0
513,0.0,0.0
514,0.0,0.0
515,0.0,0.0
516,0.0,0.0
517,0.0,0.0
518,0.0,0.0
519,0.0,0.0
520,0.0,0.0
521,0.0,0.0
522,0.0,0.0
523,0.0,0.0
524,0.0,0.0
525,0.0,0.0
526,0.0,0.0
527,0.0,0.0
528,0.0,0.0
529,0.0,0.0
530,0.0,0.0
531,0.0,0.0
532,0.0,0.0
533,0.0,0.0
534,0.0,0.0
535,0.0,0.0
536,0.0,0.0
537,0.0,0.0
538,0.0,0.0
539,0.0,0.0
540,0.0,0.0
541,0.0,0.0
542,0.0,0.0
543,0.0,0.0
544,0.0,0.0
545,0.0,0.0
546,0.0,0.0
547,0.0,0.0
548,0.0,0.0
549,0.0,0.0
550,0.0,0.0
551,0.0,0.0
552,0.0,0.0
553,0.0,0.0
554,0.0,0.0
555,0.0,0.0
556,0.0,0.0
557,0.0,0.0
558,0.0,0.0
559,0.0,0.0
560,0.0,0.0
561,0.0,0.0
562,0.0,0.0
563,0.0,0.0
564,0.0,0.0
565,0.0,0.0
566,0.0,0.0
567,0.0,0.0
568,0.0,0.0
569,0.0,0.0
570,0.0,0.0
571,0.0,0.0
572,0.0,0.0
573,0.0,0.0
574,0.0,0.0
575,0.0,0.0
576,0.0,0.0
577,0.0,0.0
578,0.0,0.0
579,0.0,0.0
580,0.0,0.0
581,0.0,0.0
582,0.0,0.0
583,0.0,0.0
584,0.0,0.0
585,0.0,0.0
586,0.0,0.0
587,0.0,0.0
588,0.0,0.0
589,0.0,0.0
590,0.0,0.0
591,0.0,0.0
592,0.0,0.0
593,0.0,0.0
594,0.0,0.0
595,0.0,0.0
596,0.0,0.0
597,0.0,0.0
598,0.0,0.0
599,0.0,0.0
600,0.0,0.0
601,0.0,0.0
602,0.0,0.0
603,0.0,0.0
604,0.0,0.0
605,0.0,0.0
606,0.0,0.0
607,0.0,0.0
608,0.0,0.0
609,0.0,0.0
610,0.0,0.0
611,0.0,0.0
612,0.0,0.0
613,0.0,0.0
614,0.0,0.0
615,0.0,0.0
616,0.0,0.0
617,0.0,0.0
618,0.0,0.0
619,0.0,0.0
620,0.0,0.0
621,0.0,0.0
622,0.0,0.0
623,0.0,0.0
624,0.0,0.0
625,0.0,0.0
626,0.0,0.0
627,0.0,0.0
628,0.0,0.0
629,0.0,0.0
630,0.0,0.0
631,0.0,0.0
632,0.0,0.0
633,0.0,0.0
634,0.0,0.0
635,0.0,0.0
636,0.0,0.0
637,0.0,0.0
638,0.0,0.0
639,0.0,0.0
640,0.0,0.0
641,0.0,0.0
642,0.0,0.0
643,0.0,0.0
644,0.0,0.0
645,0.0,0.0
646,0.0,0.0
647,0.0,0.0
648,0.0,0.0
649,0.0,0.0
650,0.0,0.0
651,0.0,0.0
652,0.0,0.0
653,0.0,0.0
654,0.0,0.0
655,0.0,0.0
656,0.0,0.0
657,0.0,0.0
658,0.0,0.0
659,0.0,0.0
660,0.0,0.0
661,0.0,0.0
662,0.0,0.0
663,0.0,0.0
664,0.0,0.0
665,0.0,0.0
666,0.0,0.0
667,0.0,0.0
668,0.0,0.0
669,0.0,0.0
670,0.0,0.0
671,0.0,0.0
672,0.0,0.0
673,0.0,0.0
674,0.0,0.0
675,0.0,0.0
676,0.0,0.0
677,0.0,0.0
678,0.0,0.0
679,0.0,0.0
680,0.0,0.0
681,0.0,0.0
682,0.0,0.0
683,0.0,0.0
684,0.0,0.0
685,0.0,0.0
686,0.0,0.0
687,0.0,0.0
688,0.0,0.0
689,0.0,0.0
690,0.0,0.0
691,0.0,0.0
692,0.0,0.0
693,0.0,0.0
694,0.0,0.0
695,0.0,0.0
696,0.0,0.0
697,0.0,0.0
698,0.0,0.0
699,0.0,0.0
700,0.0,0.0
701,0.0,0.0
702,0.0,0.0
703,0.0,0.0
704,0.0,0.0
705,0.0,0.0
706,0.0,0.0
707,0.0,0.0
708,0.0,0.0
709,0.0,0.0
710,0.0,0.0
711,0.0,0.0
712,0.0,0.0
713,0.0,0.0
714,0.0,0.0
715,0.0,0.0
716,0.0,0.0
717,0.0,0.0
718,0.0,0.0
719,0.0,0.0
720,0.0,0.0
721,0.0,0.0
722,0.0,0.0
723,0.0,0.0
724,0.0,0.0
725,0.0,0.0
726,0.0,0.0
727,0.0,0.0
728,0.0,0.0
729,0.0,0.0
730,0.0,0.0
731,0.0,0.0
732,0.0,0.0
733,0.0,0.0
734,0.0,0.0
735,0.0,0.0
736,0.0,0.0
737,0.0,0.0
738,0.0,0.0
739,0.0,0.0
740,0.0,0.0
741,0.0,0.0
742,0.0,0.0
743,0.0,0.0
744,0.0,0.0
745,0.0,0.0
746,0.0,0.0
747,0.0,0.0
748,0.0,0.0
749,0.0,0.0
750,0.0,0.0
751,0.0,0.0
752,0.0,0.0
753,0.0,0.0
754,0.0,0.0
755,0.0,0.0
756,0.0,0.0
757,0.0,0.0
758,0.0,0.0
759,0.0,0.0
760,0.0,0.0
761,0.0,0.0
762,0.0,0.0
763,0.0,0.0
764,0.0,0.0
765,0.0,0.0
766,0.0,0.0
767,0.0,0.0
768,0.0,0.0
769,0.0,0.0
770,0.0,0.0
771,0.0,0.0
772,0.0,0.0
773,0.0,0.0
774,0.0,0.0
775,0.0,0.0
776,0.0,0.0
777,0.0,0.0
778,0.0,0.0
779,0.0,0.0
780,0.0,0.0
781,0.0,0.0
782,0.0,0.0
783,0.0,0.0
784,0.0,0.0
785,0.0,0.0
786,0.0,0.0
787,0.0,0.0
788,0.0,0.0
789,0.0,0.0
790,0.0,0.0
791,0.0,0.0
792,0.0,0.0
793,0.0,0.0
794,0.0,0.0
795,0.0,0.0
796,0.0,0.0
797,0.0,0.0
798,0.0,0.0
799,0.0,0.0
800,0.0,0.0
801,0.0,0.0
802,0.0,0.0
803,0.0,0.0
804,0.0,0.0
805,0.0,0.0
806,0.0,0.0
807,0.0,0.0
808,0.0,0.0
809,0.0,0.0
810,0.0,0.0
811,0.0,0.0
812,0.0,0.0
813,0.0,0.0
814,0.0,0.0
815,0.0,0.0
816,0.0,0.0
817,0.0,0.0
818,0.0,0.0
819,0.0,0.0
820,0.0,0.0
821,0.0,0.0
822,0.0,0.0
823,0.0,0.0
824,0.0,0.0
825,0.0,0.0
826,0.0,0.0
827,0.0,0.0
828,0.0,0.0
829,0.0,0.0
830,0.0,0.0
831,0.0,0.0
832,0.0,0.0
833,0.0,0.0
834,0.0,0.0
835,0.0,0.0
836,0.0,0.0
837,0.0,0.0
838,0.0,0.0
839,0.0,0.0
840,0.0,0.0
841,0.0,0.0
842,0.0,0.0
843,0.0,0.0
844,0.0,0.0
845,0.0,0.0
846,0.0,0.0
847,0.0,0.0
848,0.0,0.0
849,0.0,0.0
850,0.0,0.0
851,0.0,0.0
852,0.0,0.0
853,0.0,0.0
854,0.0,0.0
855,0.0,0.0
856,0.0,0.0
857,0.0,0.0
858,0.0,0.0
859,0.0,0.0
860,0.0,0.0
861,0.0,0.0
862,0.0,0.0
863,0.0,0.0
864,0.0,0.0
865,0.0,0.0
866,0.0,0.0
867,0.0,0.0
868,0.0,0.0
869,0.0,0.0
870,0.0,0.0
871,0.0,0.0
872,0.0,0.0
873,0.0,0.0
874,0.0,0.0
875,0.0,0.0
876,0.0,0.0
877,0.0,0.0
878,0.0,0.0
879,0.0,0.0
880,0.0,0.0
881,0.0,0.0
882,0.0,0.0
883,0.0,0.0
884,0.0,0.0
885,0.0,0.0
886,0.0,0.0
887,0.0,0.0
888,0.0,0.0
889,0.0,0.0
890,0.0,0.0
891,0.0,0.0
892,0.0,0.0
893,0.0,0.0
894,0.0,0.0
895,0.0,0.0
896,0.0,0.0
897,0.0,0.0
898,0.0,0.0
899,0.0,0.0
900,0.0,0.0
901,0.0,0.0
902,0.0,0.0
903,0.0,0.0
904,0.0,0.0
905,0.0,0.0
906,0.0,0.0
907,0.0,0.0
908,0.0,0.0
909,0.0,0.0
910,0.0,0.0
911,0.0,0.0
912,0.0,0.0
913,0.0,0.0
914,0.0,0.0
915,0.0,0.0
916,0.0,0.0
917,0.0,0.0
918,0.0,0.0
919,0.0,0.0
920,0.0,0.0
921,0.0,0.0
922,0.0,0.0
923,0.0,0.0
924,0.0,0.0
925,0.0,0.0
926,0.0,0.0
927,0.0,0.0
928,0.0,0.0
929,0.0,0.0
930,0.0,0.0
931,0.0,0.0
932,0.0,0.0
933,0.0,0.0
934,0.0,0.0
935,0.0,0.0
936,0.0,0.0
937,0.0,0.0
938,0.0,0.0
939,0.0,0.0
940,0.0,0.0
941,0.0,0.0
942,0.0,0.0
943,0.0,0.0
944,0.0,0.0
945,0.0,0.0
946,0.0,0.0
947,0.0,0.0
948,0.0,0.0
949,0.0,0.0
950,0.0,0.0
951,0.0,0.0
952,0.0,0.0
953,0.0,0.0
954,0.0,0.0
955,0.0,0.0
956,0.0,0.0
957,0.0,0.0
958,0.0,0.0
959,0.0,0.0
960,0.0,0.0
961,0.0,0.0
962,0.0,0.0
963,0.0,0.0
964,0.0,0.0
965,0.0,0.0
966,0.0,0.0
967,0.0,0.0
968,0.0,0.0
969,0.0,0.0
970,0.0,0.0
971,0.0,0.0
972,0.0,0.0
973,0.0,0.0
974,0.0,0.0
975,0.0,0.0
976,0.0,0.0
977,0.0,0.0
978,0.0,0.0
979,0.0,0.0
980,0.0,0.0
981,0.0,0.0
982,0.0,0.0
983,0.0,0.0
984,0.0,0.0
985,0.0,0.0
986,0.0,0.0
987,0.0,0.0
988,0.0,0.0
989,0.0,0.0
990,0.0,0.0
991,0.0,0.0
992,0.0,0.0
993,0.0,0.0
994,0.0,0.0
995,0.0,0.0
996,0.0,0.0
997,0.0,0.0
998,0.0,0.0
999,0.0,0.0
1000,0.0,0.0
1001,0.0,0.0
1002,0.0,0.0
1003,0.0,0.0
1004,0.0,0.0
1005,0.0,0.0
1006,0.0,0.0
1007,0.0,0.0
1008,0.0,0.0
1009,0.0,0.0
1010,0.0,0.0
1011,0.0,0.0
1012,0.0,0.0
1013,0.0,0.0
1014,0.0,0.0
1015,0.0,0.0
1016,0.0,0.0
1017,0.0,0.0
1018,0.0,0.0
1019,0.0,0.0
1020,0.0,0.0
1021,0.0,0.0
1022,0.0,0.0
1023,0.0,0.0
1024,0.0,0.0
1025,0.0,0.0
1026,0.0,0.0
1027,0.0,0.0
1028,0.0,0.0
1029,0.0,0.0
1030,0.0,0.0
1031,0.0,0.0
1032,0.0,0.0
1033,0.0,0.0
1034,0.0,0.0
1035,0.0,0.0
1036,0.0,0.0
1037,0.0,0.0
1038,0.0,0.0
1039,0.0,0.0
1040,0.0,0.0
1041,0.0,0.0
1042,0.0,0.0
1043,0.0,0.0
1044,0.0,0.0
1045,0.0,0.0
1046,0.0,0.0
1047,0.0,0.0
1048,0.0,0.0
1049,0.0,0.0
1050,0.0,0.0
1051,0.0,0.0
1052,0.0,0.0
1053,0.0,0.0
1054,0.0,0.0
1055,0.0,0.0
1056,0.0,0.0
1057,0.0,0.0
1058,0.0,0.0
1059,0.0,0.0
1060,0.0,0.0
1061,0.0,0.0
1062,0.0,0.0
1063,0.0,0.0
1064,0.0,0.0
1065,0.0,0.0
1066,0.0,0.0
1067,0.0,0.0
1068,0.0,0.0
1069,0.0,0.0
1070,0.0,0.0
1071,0.0,0.0
1072,0.0,0.0
1073,0.0,0.0
1074,0.0,0.0
1075,0.0,0.0
1076,0.0,0.0
1077,0.0,0.0
1078,0.0,0.0
1079,0.0,0.0
1080,0.0,0.0
1081,0.0,0.0
1082,0.0,0.0
1083,0.0,0.0
1084,0.0,0.0
1085,0.0,0.0
1086,0.0,0.0
1087,0.0,0.0
1088,0.0,0.0
1089,0.0,0.0
1090,0.0,0.0
1091,0.0,0.0
1092,0.0,0.0
1093,0.0,0.0
1094,0.0,0.0
1095,0.0,0.0
1096,0.0,0.0
1097,0.0,0.0
1098,0.0,0.0
1099,0.0,0.0
1100,0.0,0.0
1101,0.0,0.0
1102,0.0,0.0
1103,0.0,0.0
1104,0.0,0.0
1105,0.0,0.0
1106,0.0,0.0
1107,0.0,0.0
1108,0.0,0.0
1109,0.0,0.0
1110,0.0,0.0
1111,0.0,0.0
1112,0.0,0.0
1113,0.0,0.0
1114,0.0,0.0
1115,0.0,0.0
1116,0.0,0.0
1117,0.0,0.0
1118,0.0,0.0
1119,0.0,0.0
1120,0.0,0.0
1121,0.0,0.0
1122,0.0,0.0
1123,0.0,0.0
1124,0.0,0.0
1125,0.0,0.0
1126,0.0,0.0
1127,0.0,0.0
1128,0.0,0.0
1129,0.0,0.0
1130,0.0,0.0
1131,0.0,0.0
1132,0.0,0.0
1133,0.0,0.0
1134,0.0,0.0
1135,0.0,0.0
1136,0.0,0.0
1137,0.0,0.0
1138,0.0,0.0
1139,0.0,0.0
1140,0.0,0.0
1141,0.0,0.0
1142,0.0,0.0
1143,0.0,0.0
1144,0.0,0.0
1145,0.0,0.0
1146,0.0,0.0
1147,0.0,0.0
1148,0.0,0.0
1149,0.0,0.0
1150,0.0,0.0
1151,0.0,0.0
1152,0.0,0.0
1153,0.0,0.0
1154,0.0,0.0
1155,0.0,0.0
1156,0.0,0.0
1157,0.0,0.0
1158,0.0,0.0
1159,0.0,0.0
1160,0.0,0.0
1161,0.0,0.0
1162,0.0,0.0
1163,0.0,0.0
1164,0.0,0.0
1165,0.0,0.0
1166,0.0,0.0
1167,0.0,0.0
1168,0.0,0.0
1169,0.0,0.0
1170,0.0,0.0
1171,0.0,0.0
1172,0.0,0.0
1173,0.0,0.0
1174,0.0,0.0
1175,0.0,0.0
1176,0.0,0.0
1177,0.0,0.0
1178,0.0,0.0
1179,0.0,0.0
1180,0.0,0.0
1181,0.0,0.0
1182,0.0,0.0
1183,0.0,0.0
1184,0.0,0.0
1185,0.0,0.0
1186,0.0,0.0
1187,0.0,0.0
1188,0.0,0.0
1189,0.0,0.0
1190,0.0,0.0
1191,0.0,0.0
1192,0.0,0.0
1193,0.0,0.0
1194,0.0,0.0
1195,0.0,0.0
1196,0.0,0.0
1197,0.0,0.0
1198,0.0,0.0
1199,0.0,0.0
1200,0.0,0.0
1201,0.0,0.0
1202,0.0,0.0
1203,0.0,0.0
1204,0.0,0.0
1205,0.0,0.0
1206,0.0,0.0
1207,0.0,0.0
1208,0.0,0.0
1209,0.0,0.0
1210,0.0,0.0
1211,0.0,0.0
1212,0.0,0.0
1213,0.0,0.0
1214,0.0,0.0
1215,0.0,0.0
1216,0.0,0.0
1217,0.0,0.0
1218,0.0,0.0
1219,0.0,0.0
1220,0.0,0.0
1221,0.0,0.0
1222,0.0,0.0
1223,0.0,0.0
1224,0.0,0.0
1225,0.0,0.0
1226,0.0,0.0
1227,0.0,0.0
1228,0.0,0.0
1229,0.0,0.0
1230,0.0,0.0
1231,0.0,0.0
1232,0.0,0.0
1233,0.0,0.0
1234,0.0,0.0
1235,0.0,0.0
1236,0.0,0.0
1237,0.0,0.0
1238,0.0,0.0
1239,0.0,0.0
1240,0.0,0.0
1241,0.0,0.0
1242,0.0,0.0
1243,0.0,0.0
1244,0.0,0.0
1245,0.0,0.0
1246,0.0,0.0
1247,0.0,0.0
1248,0.0,0.0
1249,0.0,0.0
1250,0.0,0.0
1251,0.0,0.0
1252,0.0,0.0
1253,0.0,0.0
1254,0.0,0.0
1255,0.0,0.0
1256,0.0,0.0
1257,0.0,0.0
1258,0.0,0.0
1259,0.0,0.0
1260,0.0,0.0
1261,0.0,0.0
1262,0.0,0.0
1263,0.0,0.0
1264,0.0,0.0
1265,0.0,0.0
1266,0.0,0.0
1267,0.0,0.0
1268,0.0,0.0
1269,0.0,0.0
1270,0.0,0.0
1271,0.0,0.0
1272,0.0,0.0
1273,0.0,0.0
1274,0.0,0.0
1275,0.0,0.0
1276,0.0,0.0
1277,0.0,0.0
1278,0.0,0.0
1279,0.0,0.0
1280,0.0,0.0
1281,0.0,0.0
1282,0.0,0.0
1283,0.0,0.0
1284,0.0,0.0
1285,0.0,0.0
1286,0.0,0.0
1287,0.0,0.0
1288,0.0,0.0
1289,0.0,0.0
1290,0.0,0.0
1291,0.0,0.0
1292,0.0,0.0
1293,0.0,0.0
1294,0.0,0.0
1295,0.0,0.0
1296,0.0,0.0
1297,0.0,0.0
1298,0.0,0.0
1299,0.0,0.0
1300,0.0,0.0
1301,0.0,0.0
1302,0.0,0.0
1303,0.0,0.0
1304,0.0,0.0
1305,0.0,0.0
1306,0.0,0.0
1307,0.0,0.0
1308,0.0,0.0
1309,0.0,0.0
1310,0.0,0.0
1311,0.0,0.0
1312,0.0,0.0
1313,0.0,0.0
1314,0.0,0.0
1315,0.0,0.0
1316,0.0,0.0
1317,0.0,0.0
1318,0.0,0.0
1319,0.0,0.0
1320,0.0,0.0
1321,0.0,0.0
1322,0.0,0.0
1323,0.0,0.0
1324,0.0,0.0
1325,0.0,0.0
1326,0.0,0.0
1327,0.0,0.0
1328,0.0,0.0
1329,0.0,0.0
1330,0.0,0.0
1331,0.0,0.0
1332,0.0,0.0
1333,0.0,0.0
1334,0.0,0.0
1335,0.0,0.0
1336,0.0,0.0
1337,0.0,0.0
1338,0.0,0.0
1339,0.0,0.0
1340,0.0,0.0
1341,0.0,0.0
1342,0.0,0.0
1343,0.0,0.0
1344,0.0,0.0
1345,0.0,0.0
1346,0.0,0.0
1347,0.0,0.0
1348,0.0,0.0
1349,0.0,0.0
1350,0.0,0.0
1351,0.0,0.0
1352,0.0,0.0
1353,0.0,0.0
1354,0.0,0.0
1355,0.0,0.0
1356,0.0,0.0
1357,0.0,0.0
1358,0.0,0.0
1359,0.0,0.0
1360,0.0,0.0
1361,0.0,0.0
1362,0.0,0.0
1363,0.0,0.0
1364,0.0,0.0
1365,0.0,0.0
1366,0.0,0.0
1367,0.0,0.0
1368,0.0,0.0
1369,0.0,0.0
1370,0.0,0.0
1371,0.0,0.0
1372,0.0,0.0
1373,0.0,0.0
1374,0.0,0.0
1375,0.0,0.0
1376,0.0,0.0
1377,0.0,0.0
1378,0.0,0.0
1379,0.0,0.0
1380,0.0,0.0
1381,0.0,0.0
1382,0.0,0.0
1383,0.0,0.0
1384,0.0,0.0
1385,0.0,0.0
1386,0.0,0.0
1387,0.0,0.0
1388,0.0,0.0
1389,0.0,0.0
1390,0.0,0.0
1391,0.0,0.0
1392,0.0,0.0
1393,0.0,0.0
1394,0.0,0.0
1395,0.0,0.0
1396,0.0,0.0
1397,0.0,0.0
1398,0.0,0.0
1399,0.0,0.0
1400,0.0,0.0
1401,0.0,0.0
1402,0.0,0.0
1403,0.0,0.0
1404,0.0,0.0
1405,0.0,0.0
1406,0.0,0.0
1407,0.0,0.0
1408,0.0,0.0
1409,0.0,0.0
1410,0.0,0.0
1411,0.0,0.0
1412,0.0,0.0
1413,0.0,0.0
1414,0.0,0.0
1415,0.0,0.0
1416,0.0,0.0
1417,0.0,0.0
1418,0.0,0.0
1419,0.0,0.0
1420,0.0,0.0
1421,0.0,0.0
1422,0.0,0.0
1423,0.0,0.0
1424,0.0,0.0
1425,0.0,0.0
1426,0.0,0.0
1427,0.0,0.0
1428,0.0,0.0
1429,0.0,0.0
1430,0.0,0.0
1431,0.0,0.0
1432,0.0,0.0
1433,0.0,0.0
1434,0.0,0.0
1435,0.0,0.0
1436,0.0,0.0
1437,0.0,0.0
1438,0.0,0.0
1439,0.0,0.0
1440,0.0,0.0
1441,0.0,0.0
1442,0.0,0.0
1443,0.0,0.0
1444,0.0,0.0
1445,0.0,0.0
1446,0.0,0.0
1447,0.0,0.0
1448,0.0,0.0
1449,0.0,0.0
1450,0.0,0.0
1451,0.0,0.0
1452,0.0,0.0
1453,0.0,0.0
1454,0.0,0.0
1455,0.0,0.0
1456,0.0,0.0
1457,0.0,0.0
1458,0.0,0.0
1459,0.0,0.0
1460,0.0,0.0
1461,0.0,0.0
1462,0.0,0.0
1463,0.0,0.0
1464,0.0,0.0
1465,0.0,0.0
1466,0.0,0.0
1467,0.0,0.0
1468,0.0,0.0
1469,0.0,0.0
1470,0.0,0.0
1471,0.0,0.0
1472,0.0,0.0
1473,0.0,0.0
1474,0.0,0.0
1475,0.0,0.0
1476,0.0,0.0
1477,0.0,0.0
1478,0.0,0.0
1479,0.0,0.0
1480,0.0,0.0
1481,0.0,0.0
1482,0.0,0.0
1483,0.0,0.0
1484,0.0,0.0
1485,0.0,0.0
1486,0.0,0.0
1487,0.0,0.0
1488,0.0,0.0
1489,0.0,0.0
1490,0.0,0.0
1491,0.0,0.0
1492,0.0,0.0
1493,0.0,0.0
1494,0.0,0.0
1495,0.0,0.0
1496,0.0,0.0
1497,0.0,0.0
1498,0.0,0.0
1499,0.0,0.0
1500,0.0,0.0
1501,0.0,0.0
1502,0.0,0.0
1503,0.0,0.0
1504,0.0,0.0
1505,0.0,0.0
1506,0.0,0.0
1507,0.0,0.0
1508,0.0,0.0
1509,0.0,0.0
1510,0.0,0.0
1511,0.0,0.0
1512,0.0,0.0
1513,0.0,0.0
1514,0.0,0.0
1515,0.0,0.0
1516,0.0,0.0
1517,0.0,0.0
1518,0.0,0.0
1519,0.0,0.0
1520,0.0,0.0
1521,0.0,0.0
1522,0.0,0.0
1523,0.0,0.0
1524,0.0,0.0
1525,0.0,0.0
1526,0.0,0.0
1527,0.0,0.0
1528,0.0,0.0
1529,0.0,0.0
1530,0.0,0.0
1531,0.0,0.0
1532,0.0,0.0
1533,0.0,0.0
1534,0.0,0.0
1535,0.0,0.0
1536,0.0,0.0
1537,0.0,0.0
1538,0.0,0.0
1539,0.0,0.0
1540,0.0,0.0
1541,0.0,0.0
1542,0.0,0.0
1543,0.0,0.0
1544,0.0,0.0
1545,0.0,0.0
1546,0.0,0.0
1547,0.0,0.0
1548,0.0,0.0
1549,0.0,0.0
1550,0.0,0.0
1551,0.0,0.0
1552,0.0,0.0
1553,0.0,0.0
1554,0.0,0.0
1555,0.0,0.0
1556,0.0,0.0
1557,0.0,0.0
1558,0.0,0.0
1559,0.0,0.0
1560,0.0,0.0
1561,0.1,0.1
1562,0.1,0.1
1563,0.1,0.1
1564,0.1,0.1
1565,0.1,0.1
1566,0.1,0.1
1567,0.1,0.1
1568,0.1,0.1
1569,0.1,0.1
1570,0.1,0.1
1571,0.1,0.1
1572,0.1,0.1
1573,0.1,0.1
1574,0.1,0.1
1575,0.1,0.1
1576,0.1,0.1
1577,0.1,0.1
1578,0.1,0.1
1579,0.1,0.1
1580,0.1,0.1
1581,0.1,0.1
1582,0.1,0.1
1583,0.1,0.1
1584,0.1,0.1
1585,0.1,0.1
1586,0.1,0.1
1587,0.1,0.1
1588,0.1,0.1
1589,0.1,0.1
1590,0.1,0.1
1591,0.1,0.1
1592,0.1,0.1
1593,0.1,0.1
1594,0.1,0.1
1595,0.1,0.1
1596,0.1,0.1
1597,0.1,0.1
1598,0.1,0.1
1599,0.1,0.1
1600,0.1,0.1
1601,0.1,0.1
1602,0.1,0.1
1603,0.1,0.1
1604,0.1,0.1
1605,0.1,0.1
1606,0.1,0.1
1607,0.1,0.1
1608,0.1,0.1
1609,0.1,0.1
1610,0.1,0.1
1611,0.1,0.1
1612,0.1,0.1
1613,0.1,0.1
1614,0.1,0.1
1615,0.1,0.1
1616,0.1,0.1
1617,0.1,0.1
1618,0.1,0.1
1619,0.1,0.1
1620,0.1,0.1
1621,0.1,0.1
1622,0.1,0.1
1623,0.1,0.1
1624,0.1,0.1
1625,0.1,0.1
1626,0.1,0.1
1627,0.1,0.1
1628,0.1,0.1
1629,0.1,0.1
1630,0.1,0.1
1631,0.1,0.1
1632,0.1,0.1
1633,0.1,0.1
1634,0.1,0.1
1635,0.1,0.1
1636,0.1,0.1
1637,0.1,0.1
1638,0.1,0.1
1639,0.1,0.1
1640,0.1,0.1
1641,0.1,0.1
1642,0.1,0.1
1643,0.1,0.1
1644,0.1,0.1
1645,0.1,0.1
1646,0.1,0.1
1647,0.1,0.1
1648,0.1,0.1
1649,0.1,0.1
1650,0.1,0.1
1651,0.1,0.1
1652,0.1,0.1
1653,0.1,0.1
1654,0.1,0.1
1655,0.1,0.1
1656,0.1,0.1
1657,0.1,0.1
1658,0.1,0.1
1659,0.1,0.1
1660,0.1,0.1
1661,0.1,0.1
1662,0.1,0.1
1663,0.1,0.1
1664,0.1,0.1
1665,0.1,0.1
1666,0.1,0.1
1667,0.1,0.1
1668,0.1,0.1
1669,0.1,0.1
1670,0.1,0.1
1671,0.1,0.1
1672,0.1,0.1
1673,0.1,0.1
1674,0.1,0.1
1675,0.1,0.1
1676,0.1,0.1
1677,0.1,0.1
1678,0.1,0.1
1679,0.1,0.1
1680,0.1,0.1
1681,0.1,0.1
1682,0.1,0.1
1683,0.1,0.1
1684,0.1,0.1
1685,0.1,0.1
1686,0.1,0.1
1687,0.1,0.1
1688,0.1,0.1
1689,0.1,0.1
1690,0.1,0.1
1691,0.1,0.1
1692,0.1,0.1
1693,0.1,0.1
1694,0.2,0.2
1695,0.2,0.2
1696,0.2,0.2
1697,0.2,0.2
1698,0.2,0.2
1699,0.2,0.2
1700,0.2,0.2
1701,0.2,0.2
1702,0.2,0.2
1703,0.2,0.2
1704,0.2,0.2
1705,0.2,0.2
1706,0.2,0.2
1707,0.2,0.2
1708,0.2,0.2
1709,0.2,0.2
1710,0.2,0.2
1711,0.2,0.2
1712,0.2,0.2
1713,0.2,0.2
1714,0.3,0.3
1715,0.3,0.3
1716,0.3,0.3
1717,0.3,0.3
1718,0.3,0.3
1719,0.3,0.3
1720,0.3,0.3
1721,0.3,0.3
1722,0.3,0.3
1723,0.3,0.3
1724,0.3,0.3
1725,0.3,0.3
1726,0.3,0.3
1727,0.3,0.3
1728,0.3,0.3
1729,0.3,0.3
1730,0.3,0.3
1731,0.3,0.3
1732,0.3,0.3
1733,0.3,0.3
1734,0.3,0.3
1735,0.3,0.3
1736,0.3,0.3
1737,0.3,0.3
1738,0.4,0.4
1739,0.4,0.4
1740,0.4,0.4
1741,0.4,0.4
1742,0.4,0.4
1743,0.4,0.4
1744,0.4,0.4
1745,0.5,0.5
1746,0.5,0.5
1747,0.5,0.5
1748,0.5,0.5
1749,0.5,0.5
1750,0.5,0.5
1751,0.5,0.5
1752,0.5,0.5
1753,0.5,0.5
1754,0.5,0.5
1755,0.5,0.5
1756,0.5,0.5
1757,0.5,0.5
1758,0.5,0.5
1759,0.5,0.5
1760,0.5,0.5
1761,0.5,0.5
1762,0.5,0.5
1763,0.5,0.5
1764,0.5,0.5
1765,0.5,0.5
1766,0.5,0.5
1767,0.5,0.5
1768,0.5,0.5
1769,0.5,0.5
1770,0.5,0.5
1771,0.5,0.5
1772,0.5,0.5
1773,0.5,0.5
1774,0.5,0.5
1775,0.5,0.5
1776,0.5415125369861686,0.5415125369861686
1777,0.5415125369861686,0.5415125369861686
1778,0.5415125369861686,0.5415125369861686
1779,0.5415125369861686,0.5415125369861686
1780,0.5415125369861686,0.5415125369861686
1781,0.5415125369861686,0.5415125369861686
1782,0.5415125369861686,0.5415125369861686
1783,0.5415125369861686,0.5415125369861686
1784,0.5415125369861686,0.5415125369861686
1785,0.5415125369861686,0.5415125369861686
1786,0.5415125369861686,0.5415125369861686
1787,0.5415125369861686,0.5415125369861686
1788,0.5415125369861686,0.5415125369861686
1789,0.5415125369861686,0.5415125369861686
1790,0.5415125369861686,0.5415125369861686
1791,0.5415125369861686,0.5415125369861686
1792,0.5415125369861686,0.5415125369861686
1793,0.5415125369861686,0.5415125369861686
1794,0.5415125369861686,0.5415125369861686
1795,0.5415125369861686,0.5415125369861686
1796,0.5415125369861686,0.5415125369861686
1797,0.5415125369861686,0.5415125369861686
1798,0.5415125369861686,0.5415125369861686
1799,0.5415125369861686,0.5415125369861686
1800,0.5415125369861686,0.5415125369861686
1801,0.5415125369861686,0.5415125369861686
1802,0.5415125369861686,0.5415125369861686
1803,0.5415125369861686,0.5415125369861686
1804,0.5415125369861686,0.5415125369861686
1805,0.5415125369861686,0.5415125369861686
1806,0.5415125369861686,0.5415125369861686
1807,0.5415125369861686,0.5415125369861686
1808,0.5415125369861686,0.5415125369861686
1809,0.5415125369861686,0.5415125369861686
1810,0.5415125369861686,0.5415125369861686
1811,0.5415125369861686,0.5415125369861686
1812,0.5415125369861686,0.5415125369861686
1813,0.5415125369861686,0.5415125369861686
1814,0.5415125369861686,0.5415125369861686
1815,0.5415125369861686,0.5415125369861686
1816,0.6245613158290972,0.6245613158290972
1817,0.6245613158290972,0.6245613158290972
1818,0.6245613158290972,0.6245613158290972
1819,0.6245613158290972,0.6245613158290972
1820,0.6245613158290972,0.6245613158290972
1821,0.6830351253910498,0.6830351253910498
1822,0.6830351253910498,0.6830351253910498
1823,0.6830351253910498,0.6830351253910498
1824,0.7415125369861687,0.7415125369861687
1825,0.7415125369861687,0.7415125369861687
1826,0.7415125369861687,0.7415125369861687
1827,0.7415125369861687,0.7415125369861687
1828,0.7415125369861687,0.7415125369861687
1829,0.7415125369861687,0.7415125369861687
1830,0.7415125369861687,0.7415125369861687
1831,0.7415125369861687,0.7415125369861687
1832,0.7415125369861687,0.7415125369861687
1833,0.7415125369861687,0.7415125369861687
1834,0.7415125369861687,0.7415125369861687
1835,0.7415125369861687,0.7415125369861687
1836,0.7415125369861687,0.7415125369861687
1837,0.7415125369861687,0.7415125369861687
1838,0.7415125369861687,0.7415125369861687
1839,0.7415125369861687,0.7415125369861687
1840,0.7415125369861687,0.7415125369861687
1841,0.7415125369861687,0.7415125369861687
1842,0.7415125369861687,0.7415125369861687
1843,0.7415125369861687,0.7415125369861687
1844,0.7415125369861687,0.7415125369861687
1845,0.7415125369861687,0.7415125369861687
1846,0.7415125369861687,0.7415125369861687
1847,0.7830193958494851,0.7830193958494851
1848,0.8652897180162945,0.8652897180162945
1849,0.8652897180162945,0.8652897180162945
1850,0.8652897180162945,0.8652897180162945
1851,0.9484862397876709,0.9485065288364962
1852,0.9484862397876709,0.9485065288364962
1853,0.9484862397876709,0.9485065288364962
1854,0.9484862397876709,0.9485065288364962
1855,0.9484862397876709,0.9485065288364962
1856,1.0411765840637262,1.0411765840637262
1857,1.0411765840637262,1.0411765840637262
1858,1.0411765840637262,1.0411765840637262
1859,1.0411765840637262,1.0411765840637262
1860,1.0411765840637262,1.0411765840637262
1861,1.0411765840637262,1.0411765840637262
1862,1.0411765840637262,1.0411765840637262
1863,1.0411765840637262,1.0411765840637262
1864,1.0411765840637262,1.0411765840637262
1865,1.0411765840637262,1.0411765840637262
1866,1.0411765840637262,1.0411765840637262
1867,1.0411765840637262,1.0411765840637262
1868,1.0411765840637262,1.0411765840637262
1869,1.0411765840637262,1.0411765840637262
1870,1.0411765840637262,1.0411765840637262
1871,1.0411765840637262,1.0411765840637262
1872,1.0412178788614828,1.0412178788614828
1873,1.0412178788614828,1.0412178788614828
1874,1.0412178788614828,1.0412178788614828
1875,1.0412178788614828,1.0412178788614828
1876,1.0412178788614828,1.0412178788614828
1877,1.0652094004072847,1.0652094004072847
1878,1.0652094004072847,1.0652094004072847
1879,1.0652094004072847,1.0652094004072847
1880,1.0652094004072847,1.0652094004072847
1881,1.1067355131904006,1.1067355131904006
1882,1.1067355131904006,1.1067355131904006
1883,1.1067355131904006,1.1067355131904006
1884,1.1067355131904006,1.1067355131904006
1885,1.1067355131904006,1.1067355131904006
1886,1.1067355131904006,1.1067355131904006
1887,1.1067355131904006,1.1067355131904006
1888,1.1067355131904006,1.1067355131904006
1889,1.1067355131904006,1.1067355131904006
1890,1.1067355131904006,1.1067355131904006
1891,1.1067355131904006,1.1067355131904006
1892,1.2067355131904007,1.2067355131904007
1893,1.2606633257753979,1.2606633257753979
1894,1.4782677268895572,1.4782677268895572
1895,1.4782677268895572,1.4782677268895572
1896,1.4782677268895572,1.4782677268895572
1897,1.4782677268895572,1.4782677268895572
1898,1.4782677268895572,1.4782677268895572
1899,1.4782677268895572,1.4782677268895572
1900,1.4782677268895572,1.4782677268895572
1901,1.4782677268895572,1.4782677268895572
1902,1.4782677268895572,1.4782677268895572
1903,1.4782677268895572,1.4782677268895572
1904,1.4782677268895572,1.4782677268895572
1905,1.4782677268895572,1.4782677268895572
1906,1.4782677268895572,1.4782677268895572
1907,1.4782677268895572,1.4782677268895572
1908,1.4782677268895572,1.4782677268895572
1909,1.520860972981652,1.520860972981652
1910,1.520860972981652,1.520860972981652
1911,1.520860972981652,1.520860972981652
1912,1.520860972981652,1.520860972981652
1913,1.520860972981652,1.520860972981652
1914,1.520860972981652,1.520860972981652
1915,1.520860972981652,1.520860972981652
1916,1.520860972981652,1.520860972981652
1917,1.520860972981652,1.520860972981652
1918,1.607400408794377,1.607400408794377
1919,1.607400408794377,1.607400408794377
1920,1.607400408794377,1.607400408794377
1921,1.607400408794377,1.607400408794377
1922,1.607400408794377,1.607400408794377
1923,1.607400408794377,1.607400408794377
1924,1.6733240516646308,1.6733240516646308
1925,1.6733240516646308,1.6733240516646308
1926,2.0813744544860775,2.0813744544860775
1927,2.0813744544860775,2.0813744544860775
1928,2.0813744544860775,2.0813744544860775
1929,2.0813744544860775,2.0813744544860775
1930,2.0813744544860775,2.0813744544860775
1931,2.0813744544860775,2.0813744544860775
1932,2.0813744544860775,2.0813744544860775
1933,2.0813744544860775,2.0813744544860775
1934,2.0813744544860775,2.0813744544860775
1935,2.245305006034731,2.245305006034731
1936,2.245305006034731,2.245305006034731
1937,2.8016150306834615,2.8016150306834615
1938,2.8016150306834615,2.8016150306834615
1939,2.8016150306834615,2.8016150306834615
1940,2.8016150306834615,2.8016150306834615
1941,2.8403882620497667,2.8403882620497667
1942,2.8403882620497667,2.8403882620497667
1943,2.8403882620497667,2.8403882620497667
1944,2.8403882620497667,2.8403882620497667
1945,2.8403882620497667,2.8403882620497667
1946,2.857019403031433,2.857019403031433
1947,2.857019403031433,2.857019403031433
1948,2.857019403031433,2.857019403031433
1949,2.857019403031433,2.857019403031433
1950,2.857019403031433,2.857019403031433
1951,2.857019403031433,2.857019403031433
1952,2.857019403031433,2.857019403031433
1953,2.857019403031433,2.857019403031433
1954,2.857019403031433,2.857019403031433
1955,3.3018561776333315,3.3018561776333315
1956,3.3284659862065205,3.3284659862065205
1957,3.3284659862065205,3.3284659862065205
1958,3.577191601673023,3.577191601673023
1959,3.577191601673023,3.577191601673023
1960,5.047687053938454,5.134688348214719
1961,5.047687053938454,5.134688348214719
1962,5.047687053938454,5.134688348214719
1963,6.817529358059126,6.90453065233539
1964,6.817529358059126,6.90453065233539
1965,7.57593370893367,7.823231166171054
1966,7.57593370893367,7.823231166171054
1967,7.736229871894788,7.823231166171054
1968,7.869272179728993,7.987033653434359
1969,8.639139621901041,8.756901095606406
1970,8.639139621901041,8.756901095606406
1971,8.639139621901041,8.726140916177304
1972,9.893670084166061,10.14526086939771
1973,9.893670084166061,10.14526086939771
1974,14.23300379630794,14.397593287263323
1975,14.60318724351426,14.779150758189834
1976,14.60318724351426,14.779150758189834
1977,14.60318724351426,14.779150758189834
1978,14.664640015728343,14.840603530403921
1979,14.664640015728343,14.840603530403921
1980,14.664640015728343,14.840603530403921
1981,17.25398464929492,17.4299481639705
1982,17.276606164276664,17.452569678952244
1983,17.554565262328982,17.730528777004558
1984,18.422267609730635,18.598231124406215
1985,22.734786070168262,22.734786070168262
1986,23.034323355867883,24.599756236701104
1987,23.039972289045373,24.6054051698786
1988,24.291331660288257,24.291331660288257
1989,29.206559803897846,29.206559803897846
1990,29.206559803897846,29.206559803897846
1991,35.30666344478653,36.08260592917033
1992,36.724552035751955,38.062842492511294
1993,37.64811562169352,38.21046359406906
1994,54.499708369814506,54.499708369814506
1995,151.6030989006085,151.95537316518272
1996,226.70905663175867,226.70905663175867
1997,,
1998,,
1999,,
2000,,
