num_step,seed_5,seed_10,seed_15,seed_20,seed_25
1,,,,,
2,,,,,
3,,,,,
4,358.2273209973791,75.64828767442835,101.72730040372332,268.4672955761538,304.7250733792772
5,162.41682997427696,75.64828767442835,24.09823329676607,211.40749748162,191.49222456492345
6,111.51782363514342,75.64828767442835,20.434744657061515,147.30293822031874,191.49222456492345
7,111.51782363514342,39.92693964634108,20.434744657061515,147.30293822031874,189.39847068183815
8,111.26972611576402,16.002196360784495,20.434744657061515,120.44419048823919,144.84154560675688
9,111.26972611576402,16.002196360784495,20.434744657061515,88.61592927772058,81.3470625029745
10,107.55355907308684,16.002196360784495,20.434744657061515,64.30516191960893,63.057101384172135
11,67.85343995330825,16.002196360784495,16.996157893630958,64.30516191960893,63.057101384172135
12,63.859791657896885,16.002196360784495,16.996157893630958,55.55746203076094,35.24291188642202
13,57.01062828092667,16.002196360784495,16.996157893630958,55.55746203076094,35.24291188642202
14,51.03237486452513,16.002196360784495,16.996157893630958,55.55746203076094,35.24291188642202
15,51.03237486452513,16.002196360784495,4.813905738670671,51.999485377017265,34.44967706315916
16,26.737253350411066,16.002196360784495,4.813905738670671,35.77918127934794,34.44967706315916
17,26.737253350411066,16.002196360784495,4.813905738670671,35.77918127934794,24.412671415142192
18,26.737253350411066,16.002196360784495,4.813905738670671,35.77918127934794,24.412671415142192
19,19.393495464383182,12.939852076562362,4.813905738670671,34.67703522284032,24.412671415142192
20,19.393495464383182,12.939852076562362,4.813905738670671,23.998431176290804,24.412671415142192
21,19.393495464383182,10.581374544644655,4.813905738670671,23.998431176290804,24.412671415142192
22,19.393495464383182,10.581374544644655,4.813905738670671,17.37681736191105,23.376753575252806
23,11.44479160244721,10.581374544644655,4.813905738670671,17.37681736191105,23.376753575252806
24,11.44479160244721,10.581374544644655,4.813905738670671,17.37681736191105,23.376753575252806
25,11.44479160244721,10.581374544644655,4.813905738670671,17.37681736191105,23.376753575252806
26,7.66269356730732,10.581374544644655,4.813905738670671,16.314783368534396,23.376753575252806
27,7.66269356730732,10.581374544644655,4.813905738670671,16.314783368534396,22.590195093031454
28,7.66269356730732,10.573323814127079,4.813905738670671,16.314783368534396,22.590195093031454
29,6.573926240023782,10.573323814127079,4.813905738670671,10.437964813674805,22.590195093031454
30,6.573926240023782,10.573323814127079,4.813905738670671,10.437964813674805,7.253004759875682
31,6.573926240023782,10.573323814127079,4.813905738670671,10.437964813674805,7.253004759875682
32,6.573926240023782,3.985749875456231,4.813905738670671,10.437964813674805,7.253004759875682
33,6.573926240023782,3.985749875456231,4.813905738670671,10.437964813674805,7.253004759875682
34,6.573926240023782,3.985749875456231,4.813905738670671,10.437964813674805,7.253004759875682
35,6.573926240023782,3.985749875456231,4.813905738670671,10.437964813674805,7.253004759875682
36,4.796694603739848,3.985749875456231,4.813905738670671,7.1635960837970325,7.253004759875682
37,4.402710533431236,3.5375034741099225,4.813905738670671,6.173603669975703,7.253004759875682
38,4.402710533431236,3.5375034741099225,4.813905738670671,6.173603669975703,7.253004759875682
39,4.402710533431236,3.5375034741099225,4.813905738670671,6.173603669975703,7.253004759875682
40,4.402710533431236,3.5375034741099225,4.813905738670671,6.173603669975703,7.253004759875682
41,1.1188997452430076,3.5375034741099225,4.813905738670671,6.173603669975703,7.253004759875682
42,1.1188997452430076,3.5375034741099225,4.813905738670671,6.173603669975703,3.287661909255762
43,1.1188997452430076,3.5375034741099225,4.813905738670671,6.173603669975703,3.287661909255762
44,1.1188997452430076,3.5375034741099225,4.813905738670671,6.173603669975703,3.287661909255762
45,1.1188997452430076,3.5375034741099225,4.813905738670671,6.173603669975703,3.287661909255762
46,1.1188997452430076,3.5375034741099225,4.813905738670671,6.173603669975703,3.287661909255762
47,1.1188997452430076,3.5375034741099225,4.813634706486498,6.173603669975703,3.287661909255762
48,1.1188997452430076,3.5375034741099225,3.200190963528644,6.173603669975703,3.287661909255762
49,1.1188997452430076,3.5375034741099225,3.200190963528644,6.173603669975703,3.287661909255762
50,1.1188997452430076,3.5375034741099225,3.200190963528644,6.173603669975703,3.287661909255762
51,1.1188997452430076,3.5375034741099225,3.200190963528644,6.173603669975703,3.287661909255762
52,1.1188997452430076,3.5375034741099225,3.200190963528644,6.173603669975703,3.287661909255762
53,1.1188997452430076,3.5375034741099225,3.200190963528644,6.173603669975703,3.287661909255762
54,1.1188997452430076,3.5375034741099225,3.200190963528644,6.173603669975703,3.287661909255762
55,1.1188997452430076,3.5375034741099225,3.200190963528644,6.173603669975703,3.287661909255762
56,1.1188997452430076,3.5375034741099225,3.200190963528644,6.173603669975703,3.287661909255762
57,1.1188997452430076,3.5375034741099225,3.200190963528644,6.096755394476985,3.287661909255762
58,1.1188997452430076,3.5375034741099225,3.200190963528644,3.5648029981979854,3.287661909255762
59,1.1188997452430076,3.5375034741099225,3.200190963528644,3.5648029981979854,3.287661909255762
60,1.1188997452430076,2.49554684194776,3.200190963528644,3.5648029981979854,3.287661909255762
61,1.1188997452430076,2.49554684194776,3.200190963528644,3.5648029981979854,3.287661909255762
62,1.1188997452430076,2.49554684194776,3.200190963528644,3.5648029981979854,3.287661909255762
63,1.1188997452430076,2.49554684194776,2.2400293551707655,3.5387293446513866,3.287661909255762
64,1.1188997452430076,2.49554684194776,2.1843913165886404,3.5387293446513866,3.287661909255762
65,1.1188997452430076,2.49554684194776,2.1843913165886404,3.5387293446513866,3.287661909255762
66,1.1188997452430076,2.49554684194776,2.1843913165886404,3.5387293446513866,3.287661909255762
67,1.1188997452430076,2.49554684194776,2.1843913165886404,3.5387293446513866,3.287661909255762
68,1.1188997452430076,2.49554684194776,2.1843913165886404,3.5387293446513866,3.287661909255762
69,1.1188997452430076,2.49554684194776,2.1843913165886404,3.5387293446513866,3.287661909255762
70,1.1188997452430076,2.49554684194776,2.1843913165886404,3.5387293446513866,3.287661909255762
71,1.1188997452430076,2.49554684194776,2.1843913165886404,3.5387293446513866,3.287661909255762
72,1.1188997452430076,2.49554684194776,2.1843913165886404,2.9122425339751317,3.287661909255762
73,1.1188997452430076,2.49554684194776,1.8056220903209776,2.9122425339751317,3.287661909255762
74,1.1188997452430076,2.49554684194776,1.8056220903209776,2.9122425339751317,3.287661909255762
75,1.1188997452430076,2.49554684194776,1.8056220903209776,2.9122425339751317,3.287661909255762
76,1.1188997452430076,2.49554684194776,1.8056220903209776,2.9122425339751317,3.287661909255762
77,1.1188997452430076,2.49554684194776,1.8056220903209776,2.9122425339751317,3.287661909255762
78,1.1188997452430076,2.49554684194776,1.8056220903209776,2.9122425339751317,3.287661909255762
79,1.1188997452430076,2.49554684194776,1.8056220903209776,2.9122425339751317,3.287661909255762
80,1.1188997452430076,2.49554684194776,1.8056220903209776,2.9122425339751317,3.287661909255762
81,1.1188997452430076,2.49554684194776,1.8056220903209776,2.9122425339751317,3.287661909255762
82,1.1188997452430076,1.797966722067825,1.7978982216344532,2.1877975483840926,3.287661909255762
83,1.1188997452430076,1.797966722067825,1.7978982216344532,2.1877975483840926,3.287661909255762
84,1.1188997452430076,1.797966722067825,1.7978982216344532,2.1877975483840926,3.287661909255762
85,1.1188997452430076,1.797966722067825,1.7978982216344532,1.140233864631862,3.287661909255762
86,1.1188997452430076,1.797966722067825,1.7978982216344532,1.140233864631862,3.287661909255762
87,1.1188997452430076,1.797966722067825,1.7978982216344532,0.0,3.287661909255762
88,1.1188997452430076,1.797966722067825,1.7978982216344532,0.0,3.287661909255762
89,1.1188997452430076,1.797966722067825,1.7978982216344532,0.0,3.287661909255762
90,1.1188997452430076,1.797966722067825,1.7978982216344532,0.0,3.287661909255762
91,1.1188997452430076,1.797966722067825,1.7978982216344532,0.0,3.287661909255762
92,1.1188997452430076,1.797966722067825,1.7978982216344532,0.0,3.287661909255762
93,1.1188997452430076,1.797966722067825,1.7978982216344532,0.0,3.287661909255762
94,1.1188997452430076,1.797966722067825,1.7978982216344532,0.0,3.287661909255762
95,1.1188997452430076,1.797966722067825,1.7978982216344532,0.0,3.287661909255762
96,1.1188997452430076,1.797966722067825,1.7978982216344532,0.0,3.287661909255762
97,1.1188997452430076,1.797966722067825,1.7978982216344532,0.0,3.287661909255762
98,1.1188997452430076,1.797966722067825,1.7978982216344532,0.0,3.287661909255762
99,1.1188997452430076,1.797966722067825,1.7978982216344532,0.0,3.287661909255762
100,1.1188997452430076,1.797966722067825,1.7978982216344532,0.0,3.287661909255762
101,1.1188997452430076,1.5,1.7978982216344532,0.0,1.1190164223280963
102,1.1188997452430076,1.5,1.7978982216344532,0.0,1.1190164223280963
103,1.1188997452430076,1.5,1.7978982216344532,0.0,1.1190164223280963
104,1.1188997452430076,1.5,1.7978982216344532,0.0,1.1190164223280963
105,1.1188997452430076,1.5,1.7978982216344532,0.0,1.1190164223280963
106,1.1188997452430076,1.5,1.4160646264524417,0.0,1.1190164223280963
107,1.1188997452430076,1.5,1.4160646264524417,0.0,1.1190164223280963
108,1.1188997452430076,1.5,1.4160646264524417,0.0,0.7075438063496847
109,1.1188997452430076,1.5,1.4160646264524417,0.0,0.7075438063496847
110,1.1188997452430076,1.5,1.4160646264524417,0.0,0.7075438063496847
111,1.1188997452430076,1.5,1.4160646264524417,0.0,0.7075438063496847
112,1.1188997452430076,1.5,1.4160646264524417,0.0,0.7075438063496847
113,1.1188997452430076,1.5,1.4160646264524417,0.0,0.7075438063496847
114,1.1188997452430076,1.5,1.4160646264524417,0.0,0.7075438063496847
115,1.1188997452430076,1.5,1.4160646264524417,0.0,0.7075438063496847
116,1.1188997452430076,1.5,1.4160646264524417,0.0,0.7075438063496847
117,1.1188997452430076,1.5,1.1190554500003973,0.0,0.7075438063496847
118,1.1188997452430076,1.5,1.1190554500003973,0.0,0.7075438063496847
119,1.1188997452430076,1.5,1.1190554500003973,0.0,0.7075438063496847
120,0.707539792034703,1.5,1.1190554500003973,0.0,0.7075438063496847
121,0.707539792034703,1.5,1.1190554500003973,0.0,0.7075438063496847
122,0.707539792034703,1.5,1.1190554500003973,0.0,0.7075438063496847
123,0.707539792034703,1.5,1.1190554500003973,0.0,0.7075438063496847
124,0.7075202938889277,1.5,1.1190554500003973,0.0,0.7075438063496847
125,0.7075202938889277,1.5,1.1190554500003973,0.0,0.7075438063496847
126,0.7075202938889277,1.1399827119464114,1.1190554500003973,0.0,0.7075190883127732
127,0.7075202938889277,1.1399827119464114,1.1190554500003973,0.0,0.7075190883127732
128,0.7075202938889277,1.1399827119464114,1.1190554500003973,0.0,0.7075190883127732
129,0.7075202938889277,1.1399827119464114,1.1190554500003973,0.0,0.7075190883127732
130,0.7075202938889277,1.1399827119464114,1.1190554500003973,0.0,0.7075190883127732
131,0.7075202938889277,1.1399827119464114,1.1190554500003973,0.0,0.7075190883127732
132,0.7075202938889277,1.1399827119464114,1.1190554500003973,0.0,0.7075190883127732
133,0.7075202938889277,1.1399827119464114,1.1190554500003973,0.0,0.7075190883127732
134,0.7075202938889277,1.1399827119464114,1.1190554500003973,0.0,0.7075190883127732
135,0.7075202938889277,1.1399827119464114,1.1190554500003973,0.0,0.7075190883127732
136,0.7075202938889277,1.1399827119464114,1.1190554500003973,0.0,0.7075190883127732
137,0.7075202938889277,1.1399827119464114,1.1190554500003973,0.0,0.7075190883127732
138,0.7075202938889277,1.1399827119464114,1.1190554500003973,0.0,0.7075190883127732
139,0.7075202938889277,1.1399827119464114,1.1190554500003973,0.0,0.7075190883127732
140,0.7075202938889277,1.1399827119464114,1.1190554500003973,0.0,0.7075190883127732
141,0.7075202938889277,1.1399827119464114,1.1190554500003973,0.0,0.7075190883127732
142,0.7075202938889277,1.0,1.1190554500003973,0.0,0.7075190883127732
143,0.7075202938889277,1.0,1.1190554500003973,0.0,0.7075190883127732
144,0.7075202938889277,1.0,1.1190554500003973,0.0,0.7075190883127732
145,0.7075202938889277,1.0,1.1190554500003973,0.0,0.7075190883127732
146,0.7075202938889277,1.0,1.1190554500003973,0.0,0.7075190883127732
147,0.7075202938889277,1.0,1.1190554500003973,0.0,0.7075190883127732
148,0.7075202938889277,1.0,1.1190554500003973,0.0,0.7075190883127732
149,0.7075202938889277,1.0,1.0,0.0,0.7075190883127732
150,0.7075202938889277,1.0,1.0,0.0,0.7075190883127732
151,0.7075202938889277,1.0,1.0,0.0,0.7075190883127732
152,0.7075202938889277,0.7075785001342126,1.0,0.0,0.7075190883127732
153,0.7075202938889277,0.7075785001342126,1.0,0.0,0.7075190883127732
154,0.7075202938889277,0.7075785001342126,1.0,0.0,0.7075190883127732
155,0.7075202938889277,0.7075785001342126,1.0,0.0,0.7075190883127732
156,0.7075202938889277,0.7075785001342126,1.0,0.0,0.7075190883127732
157,0.7075202938889277,0.7075785001342126,1.0,0.0,0.7075190883127732
158,0.7075202938889277,0.7075785001342126,1.0,0.0,0.7075190883127732
159,0.7075202938889277,0.7075785001342126,1.0,0.0,0.7075190883127732
160,0.7075202938889277,0.7075785001342126,1.0,0.0,0.7075190883127732
161,0.7075202938889277,0.7075785001342126,1.0,0.0,0.7075190883127732
162,0.7075202938889277,0.7075785001342126,1.0,0.0,0.7075190883127732
163,0.7075202938889277,0.7075785001342126,1.0,0.0,0.7075190883127732
164,0.7075202938889277,0.7075785001342126,1.0,0.0,0.7075190883127732
165,0.7075202938889277,0.7075785001342126,1.0,0.0,0.7075190883127732
166,0.7075202938889277,0.7075785001342126,1.0,0.0,0.7075190883127732
167,0.7075202938889277,0.7075785001342126,1.0,0.0,0.7075190883127732
168,0.7075202938889277,0.7075785001342126,1.0,0.0,0.7075190883127732
169,0.7075202938889277,0.7075785001342126,1.0,0.0,0.7075190883127732
170,0.7075202938889277,0.7075785001342126,1.0,0.0,0.7075190883127732
171,0.7075202938889277,0.7075785001342126,1.0,0.0,0.7075190883127732
172,0.7075202938889277,0.7075785001342126,1.0,0.0,0.7075190883127732
173,0.7075202938889277,0.7075785001342126,1.0,0.0,0.7075190883127732
174,0.7075202938889277,0.7075785001342126,1.0,0.0,0.7075190883127732
175,0.5,0.7075785001342126,1.0,0.0,0.7075190883127732
176,0.5,0.7075785001342126,1.0,0.0,0.7075190883127732
177,0.5,0.7075785001342126,1.0,0.0,0.7075190883127732
178,0.5,0.7075785001342126,1.0,0.0,0.7075190883127732
179,0.5,0.7075785001342126,1.0,0.0,0.7075190883127732
180,0.5,0.7075785001342126,1.0,0.0,0.7075190883127732
181,0.5,0.7075785001342126,1.0,0.0,0.7075190883127732
182,0.5,0.7075785001342126,1.0,0.0,0.7075190883127732
183,0.5,0.7075785001342126,1.0,0.0,0.7075190883127732
184,0.5,0.7075785001342126,1.0,0.0,0.7075190883127732
185,0.5,0.7075785001342126,1.0,0.0,0.7075190883127732
186,0.5,0.7075785001342126,1.0,0.0,0.7075190883127732
187,0.5,0.7075785001342126,1.0,0.0,0.7075190883127732
188,0.5,0.7075785001342126,1.0,0.0,0.7075190883127732
189,0.5,0.7075785001342126,1.0,0.0,0.7075190883127732
190,0.5,0.7075785001342126,1.0,0.0,0.7075190883127732
191,0.5,0.7075785001342126,1.0,0.0,0.7075190883127732
192,0.5,0.7075785001342126,1.0,0.0,0.7075190883127732
193,0.5,0.7075785001342126,1.0,0.0,0.7075190883127732
194,0.5,0.7075785001342126,1.0,0.0,0.5
195,0.5,0.7075785001342126,1.0,0.0,0.5
196,0.5,0.7075785001342126,1.0,0.0,0.5
197,0.5,0.7075785001342126,1.0,0.0,0.5
198,0.5,0.7075785001342126,1.0,0.0,0.5
199,0.5,0.7075785001342126,1.0,0.0,0.5
200,0.5,0.7075785001342126,0.7075695473548592,0.0,0.5
201,0.5,0.7075785001342126,0.7075695473548592,0.0,0.5
202,0.5,0.7075785001342126,0.7075695473548592,0.0,0.5
203,0.5,0.7075785001342126,0.7075695473548592,0.0,0.5
204,0.5,0.7075785001342126,0.7075695473548592,0.0,0.5
205,0.5,0.7075785001342126,0.7075695473548592,0.0,0.5
206,0.5,0.7075785001342126,0.7075695473548592,0.0,0.5
207,0.5,0.7075785001342126,0.7075695473548592,0.0,0.5
208,0.5,0.7075785001342126,0.7075695473548592,0.0,0.5
209,0.5,0.7075785001342126,0.7075695473548592,0.0,0.5
210,0.5,0.7075785001342126,0.7075695473548592,0.0,0.5
211,0.5,0.7075785001342126,0.7075695473548592,0.0,0.5
212,0.5,0.7075785001342126,0.7075695473548592,0.0,0.5
213,0.5,0.7075785001342126,0.7075695473548592,0.0,0.5
214,0.5,0.7075785001342126,0.7075695473548592,0.0,0.5
215,0.5,0.7075785001342126,0.7075695473548592,0.0,0.5
216,0.5,0.7075785001342126,0.7075695473548592,0.0,0.5
217,0.5,0.7075785001342126,0.7075695473548592,0.0,0.5
218,0.5,0.7075785001342126,0.7075695473548592,0.0,0.5
219,0.5,0.7075785001342126,0.7075695473548592,0.0,0.5
220,0.5,0.7075785001342126,0.7075695473548592,0.0,0.5
221,0.5,0.7075785001342126,0.7075695473548592,0.0,0.5
222,0.5,0.7075785001342126,0.7075695473548592,0.0,0.5
223,0.5,0.7075785001342126,0.7075695473548592,0.0,0.5
224,0.5,0.7075785001342126,0.7075695473548592,0.0,0.5
225,0.5,0.7075785001342126,0.7075695473548592,0.0,0.5
226,0.5,0.7075785001342126,0.7075695473548592,0.0,0.5
227,0.5,0.7075785001342126,0.7075695473548592,0.0,0.5
228,0.5,0.7075785001342126,0.7075695473548592,0.0,0.5
229,0.5,0.7075785001342126,0.7075695473548592,0.0,0.5
230,0.5,0.7075785001342126,0.7075695473548592,0.0,0.5
231,0.5,0.7075785001342126,0.7075695473548592,0.0,0.5
232,0.5,0.7075785001342126,0.7075695473548592,0.0,0.5
233,0.5,0.7075785001342126,0.7075695473548592,0.0,0.5
234,0.5,0.7075785001342126,0.7075695473548592,0.0,0.5
235,0.5,0.707561512188812,0.7075695473548592,0.0,0.5
236,0.5,0.707561512188812,0.7075695473548592,0.0,0.5
237,0.5,0.707561512188812,0.7075695473548592,0.0,0.5
238,0.5,0.707561512188812,0.7075695473548592,0.0,0.5
239,0.5,0.707561512188812,0.7075695473548592,0.0,0.5
240,0.5,0.5,0.7075695473548592,0.0,0.5
241,0.5,0.5,0.7075695473548592,0.0,0.5
242,0.5,0.5,0.7075695473548592,0.0,0.5
243,0.5,0.5,0.7075695473548592,0.0,0.5
244,0.5,0.5,0.7075695473548592,0.0,0.5
245,0.5,0.5,0.7075695473548592,0.0,0.5
246,0.5,0.5,0.7075695473548592,0.0,0.5
247,0.5,0.5,0.7075695473548592,0.0,0.5
248,0.5,0.5,0.7075695473548592,0.0,0.5
249,0.5,0.5,0.7075695473548592,0.0,0.5
250,0.5,0.5,0.7075695473548592,0.0,0.5
251,0.5,0.5,0.5,0.0,0.5
252,0.5,0.5,0.5,0.0,0.5
253,0.5,0.5,0.5,0.0,0.5
254,0.5,0.5,0.5,0.0,0.5
255,0.5,0.5,0.5,0.0,0.5
256,0.5,0.5,0.5,0.0,0.5
257,0.5,0.0,0.5,0.0,0.5
258,0.5,0.0,0.5,0.0,0.5
259,0.5,0.0,0.5,0.0,0.5
260,0.5,0.0,0.5,0.0,0.5
261,0.5,0.0,0.5,0.0,0.5
262,0.5,0.0,0.5,0.0,0.5
263,0.5,0.0,0.5,0.0,0.5
264,0.5,0.0,0.5,0.0,0.5
265,0.5,0.0,0.5,0.0,0.5
266,0.5,0.0,0.5,0.0,0.5
267,0.5,0.0,0.5,0.0,0.5
268,0.5,0.0,0.5,0.0,0.5
269,0.5,0.0,0.5,0.0,0.5
270,0.5,0.0,0.5,0.0,0.5
271,0.5,0.0,0.5,0.0,0.5
272,0.5,0.0,0.5,0.0,0.5
273,0.5,0.0,0.5,0.0,0.5
274,0.5,0.0,0.5,0.0,0.5
275,0.5,0.0,0.5,0.0,0.5
276,0.5,0.0,0.5,0.0,0.5
277,0.5,0.0,0.5,0.0,0.5
278,0.5,0.0,0.5,0.0,0.0
279,0.5,0.0,0.5,0.0,0.0
280,0.5,0.0,0.5,0.0,0.0
281,0.5,0.0,0.5,0.0,0.0
282,0.5,0.0,0.5,0.0,0.0
283,0.5,0.0,0.5,0.0,0.0
284,0.5,0.0,0.5,0.0,0.0
285,0.5,0.0,0.5,0.0,0.0
286,0.5,0.0,0.5,0.0,0.0
287,0.5,0.0,0.5,0.0,0.0
288,0.5,0.0,0.5,0.0,0.0
289,0.5,0.0,0.5,0.0,0.0
290,0.5,0.0,0.5,0.0,0.0
291,0.5,0.0,0.5,0.0,0.0
292,0.5,0.0,0.5,0.0,0.0
293,0.5,0.0,0.5,0.0,0.0
294,0.5,0.0,0.0,0.0,0.0
295,0.5,0.0,0.0,0.0,0.0
296,0.5,0.0,0.0,0.0,0.0
297,0.5,0.0,0.0,0.0,0.0
298,0.5,0.0,0.0,0.0,0.0
299,0.5,0.0,0.0,0.0,0.0
300,0.5,0.0,0.0,0.0,0.0
301,0.5,0.0,0.0,0.0,0.0
302,0.5,0.0,0.0,0.0,0.0
303,0.5,0.0,0.0,0.0,0.0
304,0.5,0.0,0.0,0.0,0.0
305,0.5,0.0,0.0,0.0,0.0
306,0.5,0.0,0.0,0.0,0.0
307,0.5,0.0,0.0,0.0,0.0
308,0.5,0.0,0.0,0.0,0.0
309,0.5,0.0,0.0,0.0,0.0
310,0.5,0.0,0.0,0.0,0.0
311,0.5,0.0,0.0,0.0,0.0
312,0.5,0.0,0.0,0.0,0.0
313,0.5,0.0,0.0,0.0,0.0
314,0.5,0.0,0.0,0.0,0.0
315,0.5,0.0,0.0,0.0,0.0
316,0.5,0.0,0.0,0.0,0.0
317,0.5,0.0,0.0,0.0,0.0
318,0.5,0.0,0.0,0.0,0.0
319,0.5,0.0,0.0,0.0,0.0
320,0.5,0.0,0.0,0.0,0.0
321,0.5,0.0,0.0,0.0,0.0
322,0.5,0.0,0.0,0.0,0.0
323,0.5,0.0,0.0,0.0,0.0
324,0.5,0.0,0.0,0.0,0.0
325,0.0,0.0,0.0,0.0,0.0
326,0.0,0.0,0.0,0.0,0.0
327,0.0,0.0,0.0,0.0,0.0
328,0.0,0.0,0.0,0.0,0.0
329,0.0,0.0,0.0,0.0,0.0
330,0.0,0.0,0.0,0.0,0.0
331,0.0,0.0,0.0,0.0,0.0
332,0.0,0.0,0.0,0.0,0.0
333,0.0,0.0,0.0,0.0,0.0
334,0.0,0.0,0.0,0.0,0.0
335,0.0,0.0,0.0,0.0,0.0
336,0.0,0.0,0.0,0.0,0.0
337,0.0,0.0,0.0,0.0,0.0
338,0.0,0.0,0.0,0.0,0.0
339,0.0,0.0,0.0,0.0,0.0
340,0.0,0.0,0.0,0.0,0.0
341,0.0,0.0,0.0,0.0,0.0
342,0.0,0.0,0.0,0.0,0.0
343,0.0,0.0,0.0,0.0,0.0
344,0.0,0.0,0.0,0.0,0.0
345,0.0,0.0,0.0,0.0,0.0
346,0.0,0.0,0.0,0.0,0.0
347,0.0,0.0,0.0,0.0,0.0
348,0.0,0.0,0.0,0.0,0.0
349,0.0,0.0,0.0,0.0,0.0
350,0.0,0.0,0.0,0.0,0.0
351,0.0,0.0,0.0,0.0,0.0
352,0.0,0.0,0.0,0.0,0.0
353,0.0,0.0,0.0,0.0,0.0
354,0.0,0.0,0.0,0.0,0.0
355,0.0,0.0,0.0,0.0,0.0
356,0.0,0.0,0.0,0.0,0.0
357,0.0,0.0,0.0,0.0,0.0
358,0.0,0.0,0.0,0.0,0.0
359,0.0,0.0,0.0,0.0,0.0
360,0.0,0.0,0.0,0.0,0.0
361,0.0,0.0,0.0,0.0,0.0
362,0.0,0.0,0.0,0.0,0.0
363,0.0,0.0,0.0,0.0,0.0
364,0.0,0.0,0.0,0.0,0.0
365,0.0,0.0,0.0,0.0,0.0
366,0.0,0.0,0.0,0.0,0.0
367,0.0,0.0,0.0,0.0,0.0
368,0.0,0.0,0.0,0.0,0.0
369,0.0,0.0,0.0,0.0,0.0
370,0.0,0.0,0.0,0.0,0.0
371,0.0,0.0,0.0,0.0,0.0
372,0.0,0.0,0.0,0.0,0.0
373,0.0,0.0,0.0,0.0,0.0
374,0.0,0.0,0.0,0.0,0.0
375,0.0,0.0,0.0,0.0,0.0
376,0.0,0.0,0.0,0.0,0.0
377,0.0,0.0,0.0,0.0,0.0
378,0.0,0.0,0.0,0.0,0.0
379,0.0,0.0,0.0,0.0,0.0
380,0.0,0.0,0.0,0.0,0.0
381,0.0,0.0,0.0,0.0,0.0
382,0.0,0.0,0.0,0.0,0.0
383,0.0,0.0,0.0,0.0,0.0
384,0.0,0.0,0.0,0.0,0.0
385,0.0,0.0,0.0,0.0,0.0
386,0.0,0.0,0.0,0.0,0.0
387,0.0,0.0,0.0,0.0,0.0
388,0.0,0.0,0.0,0.0,0.0
389,0.0,0.0,0.0,0.0,0.0
390,0.0,0.0,0.0,0.0,0.0
391,0.0,0.0,0.0,0.0,0.0
392,0.0,0.0,0.0,0.0,0.0
393,0.0,0.0,0.0,0.0,0.0
394,0.0,0.0,0.0,0.0,0.0
395,0.0,0.0,0.0,0.0,0.0
396,0.0,0.0,0.0,0.0,0.0
397,0.0,0.0,0.0,0.0,0.0
398,0.0,0.0,0.0,0.0,0.0
399,0.0,0.0,0.0,0.0,0.0
400,0.0,0.0,0.0,0.0,0.0
401,0.0,0.0,0.0,0.0,0.0
402,0.0,0.0,0.0,0.0,0.0
403,0.0,0.0,0.0,0.0,0.0
404,0.0,0.0,0.0,0.0,0.0
405,0.0,0.0,0.0,0.0,0.0
406,0.0,0.0,0.0,0.0,0.0
407,0.0,0.0,0.0,0.0,0.0
408,0.0,0.0,0.0,0.0,0.0
409,0.0,0.0,0.0,0.0,0.0
410,0.0,0.0,0.0,0.0,0.0
411,0.0,0.0,0.0,0.0,0.0
412,0.0,0.0,0.0,0.0,0.0
413,0.0,0.0,0.0,0.0,0.0
414,0.0,0.0,0.0,0.0,0.0
415,0.0,0.0,0.0,0.0,0.0
416,0.0,0.0,0.0,0.0,0.0
417,0.0,0.0,0.0,0.0,0.0
418,0.0,0.0,0.0,0.0,0.0
419,0.0,0.0,0.0,0.0,0.0
420,0.0,0.0,0.0,0.0,0.0
421,0.0,0.0,0.0,0.0,0.0
422,0.0,0.0,0.0,0.0,0.0
423,0.0,0.0,0.0,0.0,0.0
424,0.0,0.0,0.0,0.0,0.0
425,0.0,0.0,0.0,0.0,0.0
426,0.0,0.0,0.0,0.0,0.0
427,0.0,0.0,0.0,0.0,0.0
428,0.0,0.0,0.0,0.0,0.0
429,0.0,0.0,0.0,0.0,0.0
430,0.0,0.0,0.0,0.0,0.0
431,0.0,0.0,0.0,0.0,0.0
432,0.0,0.0,0.0,0.0,0.0
433,0.0,0.0,0.0,0.0,0.0
434,0.0,0.0,0.0,0.0,0.0
435,0.0,0.0,0.0,0.0,0.0
436,0.0,0.0,0.0,0.0,0.0
437,0.0,0.0,0.0,0.0,0.0
438,0.0,0.0,0.0,0.0,0.0
439,0.0,0.0,0.0,0.0,0.0
440,0.0,0.0,0.0,0.0,0.0
441,0.0,0.0,0.0,0.0,0.0
442,0.0,0.0,0.0,0.0,0.0
443,0.0,0.0,0.0,0.0,0.0
444,0.0,0.0,0.0,0.0,0.0
445,0.0,0.0,0.0,0.0,0.0
446,0.0,0.0,0.0,0.0,0.0
447,0.0,0.0,0.0,0.0,0.0
448,0.0,0.0,0.0,0.0,0.0
449,0.0,0.0,0.0,0.0,0.0
450,0.0,0.0,0.0,0.0,0.0
451,0.0,0.0,0.0,0.0,0.0
452,0.0,0.0,0.0,0.0,0.0
453,0.0,0.0,0.0,0.0,0.0
454,0.0,0.0,0.0,0.0,0.0
455,0.0,0.0,0.0,0.0,0.0
456,0.0,0.0,0.0,0.0,0.0
457,0.0,0.0,0.0,0.0,0.0
458,0.0,0.0,0.0,0.0,0.0
459,0.0,0.0,0.0,0.0,0.0
460,0.0,0.0,0.0,0.0,0.0
461,0.0,0.0,0.0,0.0,0.0
462,0.0,0.0,0.0,0.0,0.0
463,0.0,0.0,0.0,0.0,0.0
464,0.0,0.0,0.0,0.0,0.0
465,0.0,0.0,0.0,0.0,0.0
466,0.0,0.0,0.0,0.0,0.0
467,0.0,0.0,0.0,0.0,0.0
468,0.0,0.0,0.0,0.0,0.0
469,0.0,0.0,0.0,0.0,0.0
470,0.0,0.0,0.0,0.0,0.0
471,0.0,0.0,0.0,0.0,0.0
472,0.0,0.0,0.0,0.0,0.0
473,0.0,0.0,0.0,0.0,0.0
474,0.0,0.0,0.0,0.0,0.0
475,0.0,0.0,0.0,0.0,0.0
476,0.0,0.0,0.0,0.0,0.0
477,0.0,0.0,0.0,0.0,0.0
478,0.0,0.0,0.0,0.0,0.0
479,0.0,0.0,0.0,0.0,0.0
480,0.0,0.0,0.0,0.0,0.0
481,0.0,0.0,0.0,0.0,0.0
482,0.0,0.0,0.0,0.0,0.0
483,0.0,0.0,0.0,0.0,0.0
484,0.0,0.0,0.0,0.0,0.0
485,0.0,0.0,0.0,0.0,0.0
486,0.0,0.0,0.0,0.0,0.0
487,0.0,0.0,0.0,0.0,0.0
488,0.0,0.0,0.0,0.0,0.0
489,0.0,0.0,0.0,0.0,0.0
490,0.0,0.0,0.0,0.0,0.0
491,0.0,0.0,0.0,0.0,0.0
492,0.0,0.0,0.0,0.0,0.0
493,0.0,0.0,0.0,0.0,0.0
494,0.0,0.0,0.0,0.0,0.0
495,0.0,0.0,0.0,0.0,0.0
496,0.0,0.0,0.0,0.0,0.0
497,0.0,0.0,0.0,0.0,0.0
498,0.0,0.0,0.0,0.0,0.0
499,0.0,0.0,0.0,0.0,0.0
500,0.0,0.0,0.0,0.0,0.0
501,0.0,0.0,0.0,0.0,0.0
502,0.0,0.0,0.0,0.0,0.0
503,0.0,0.0,0.0,0.0,0.0
504,0.0,0.0,0.0,0.0,0.0
505,0.0,0.0,0.0,0.0,0.0
506,0.0,0.0,0.0,0.0,0.0
507,0.0,0.0,0.0,0.0,0.0
508,0.0,0.0,0.0,0.0,0.0
509,0.0,0.0,0.0,0.0,0.0
510,0.0,0.0,0.0,0.0,0.0
511,0.0,0.0,0.0,0.0,0.0
512,0.0,0.0,0.0,0.0,0.0
513,0.0,0.0,0.0,0.0,0.0
514,0.0,0.0,0.0,0.0,0.0
515,0.0,0.0,0.0,0.0,0.0
516,0.0,0.0,0.0,0.0,0.0
517,0.0,0.0,0.0,0.0,0.0
518,0.0,0.0,0.0,0.0,0.0
519,0.0,0.0,0.0,0.0,0.0
520,0.0,0.0,0.0,0.0,0.0
521,0.0,0.0,0.0,0.0,0.0
522,0.0,0.0,0.0,0.0,0.0
523,0.0,0.0,0.0,0.0,0.0
524,0.0,0.0,0.0,0.0,0.0
525,0.0,0.0,0.0,0.0,0.0
526,0.0,0.0,0.0,0.0,0.0
527,0.0,0.0,0.0,0.0,0.0
528,0.0,0.0,0.0,0.0,0.0
529,0.0,0.0,0.0,0.0,0.0
530,0.0,0.0,0.0,0.0,0.0
531,0.0,0.0,0.0,0.0,0.0
532,0.0,0.0,0.0,0.0,0.0
533,0.0,0.0,0.0,0.0,0.0
534,0.0,0.0,0.0,0.0,0.0
535,0.0,0.0,0.0,0.0,0.0
536,0.0,0.0,0.0,0.0,0.0
537,0.0,0.0,0.0,0.0,0.0
538,0.0,0.0,0.0,0.0,0.0
539,0.0,0.0,0.0,0.0,0.0
540,0.0,0.0,0.0,0.0,0.0
541,0.0,0.0,0.0,0.0,0.0
542,0.0,0.0,0.0,0.0,0.0
543,0.0,0.0,0.0,0.0,0.0
544,0.0,0.0,0.0,0.0,0.0
545,0.0,0.0,0.0,0.0,0.0
546,0.0,0.0,0.0,0.0,0.0
547,0.0,0.0,0.0,0.0,0.0
548,0.0,0.0,0.0,0.0,0.0
549,0.0,0.0,0.0,0.0,0.0
550,0.0,0.0,0.0,0.0,0.0
551,0.0,0.0,0.0,0.0,0.0
552,0.0,0.0,0.0,0.0,0.0
553,0.0,0.0,0.0,0.0,0.0
554,0.0,0.0,0.0,0.0,0.0
555,0.0,0.0,0.0,0.0,0.0
556,0.0,0.0,0.0,0.0,0.0
557,0.0,0.0,0.0,0.0,0.0
558,0.0,0.0,0.0,0.0,0.0
559,0.0,0.0,0.0,0.0,0.0
560,0.0,0.0,0.0,0.0,0.0
561,0.0,0.0,0.0,0.0,0.0
562,0.0,0.0,0.0,0.0,0.0
563,0.0,0.0,0.0,0.0,0.0
564,0.0,0.0,0.0,0.0,0.0
565,0.0,0.0,0.0,0.0,0.0
566,0.0,0.0,0.0,0.0,0.0
567,0.0,0.0,0.0,0.0,0.0
568,0.0,0.0,0.0,0.0,0.0
569,0.0,0.0,0.0,0.0,0.0
570,0.0,0.0,0.0,0.0,0.0
571,0.0,0.0,0.0,0.0,0.0
572,0.0,0.0,0.0,0.0,0.0
573,0.0,0.0,0.0,0.0,0.0
574,0.0,0.0,0.0,0.0,0.0
575,0.0,0.0,0.0,0.0,0.0
576,0.0,0.0,0.0,0.0,0.0
577,0.0,0.0,0.0,0.0,0.0
578,0.0,0.0,0.0,0.0,0.0
579,0.0,0.0,0.0,0.0,0.0
580,0.0,0.0,0.0,0.0,0.0
581,0.0,0.0,0.0,0.0,0.0
582,0.0,0.0,0.0,0.0,0.0
583,0.0,0.0,0.0,0.0,0.0
584,0.0,0.0,0.0,0.0,0.0
585,0.0,0.0,0.0,0.0,0.0
586,0.0,0.0,0.0,0.0,0.0
587,0.0,0.0,0.0,0.0,0.0
588,0.0,0.0,0.0,0.0,0.0
589,0.0,0.0,0.0,0.0,0.0
590,0.0,0.0,0.0,0.0,0.0
591,0.0,0.0,0.0,0.0,0.0
592,0.0,0.0,0.0,0.0,0.0
593,0.0,0.0,0.0,0.0,0.0
594,0.0,0.0,0.0,0.0,0.0
595,0.0,0.0,0.0,0.0,0.0
596,0.0,0.0,0.0,0.0,0.0
597,0.0,0.0,0.0,0.0,0.0
598,0.0,0.0,0.0,0.0,0.0
599,0.0,0.0,0.0,0.0,0.0
600,0.0,0.0,0.0,0.0,0.0
601,0.0,0.0,0.0,0.0,0.0
602,0.0,0.0,0.0,0.0,0.0
603,0.0,0.0,0.0,0.0,0.0
604,0.0,0.0,0.0,0.0,0.0
605,0.0,0.0,0.0,0.0,0.0
606,0.0,0.0,0.0,0.0,0.0
607,0.0,0.0,0.0,0.0,0.0
608,0.0,0.0,0.0,0.0,0.0
609,0.0,0.0,0.0,0.0,0.0
610,0.0,0.0,0.0,0.0,0.0
611,0.0,0.0,0.0,0.0,0.0
612,0.0,0.0,0.0,0.0,0.0
613,0.0,0.0,0.0,0.0,0.0
614,0.0,0.0,0.0,0.0,0.0
615,0.0,0.0,0.0,0.0,0.0
616,0.0,0.0,0.0,0.0,0.0
617,0.0,0.0,0.0,0.0,0.0
618,0.0,0.0,0.0,0.0,0.0
619,0.0,0.0,0.0,0.0,0.0
620,0.0,0.0,0.0,0.0,0.0
621,0.0,0.0,0.0,0.0,0.0
622,0.0,0.0,0.0,0.0,0.0
623,0.0,0.0,0.0,0.0,0.0
624,0.0,0.0,0.0,0.0,0.0
625,0.0,0.0,0.0,0.0,0.0
626,0.0,0.0,0.0,0.0,0.0
627,0.0,0.0,0.0,0.0,0.0
628,0.0,0.0,0.0,0.0,0.0
629,0.0,0.0,0.0,0.0,0.0
630,0.0,0.0,0.0,0.0,0.0
631,0.0,0.0,0.0,0.0,0.0
632,0.0,0.0,0.0,0.0,0.0
633,0.0,0.0,0.0,0.0,0.0
634,0.0,0.0,0.0,0.0,0.0
635,0.0,0.0,0.0,0.0,0.0
636,0.0,0.0,0.0,0.0,0.0
637,0.0,0.0,0.0,0.0,0.0
638,0.0,0.0,0.0,0.0,0.0
639,0.0,0.0,0.0,0.0,0.0
640,0.0,0.0,0.0,0.0,0.0
641,0.0,0.0,0.0,0.0,0.0
642,0.0,0.0,0.0,0.0,0.0
643,0.0,0.0,0.0,0.0,0.0
644,0.0,0.0,0.0,0.0,0.0
645,0.0,0.0,0.0,0.0,0.0
646,0.0,0.0,0.0,0.0,0.0
647,0.0,0.0,0.0,0.0,0.0
648,0.0,0.0,0.0,0.0,0.0
649,0.0,0.0,0.0,0.0,0.0
650,0.0,0.0,0.0,0.0,0.0
651,0.0,0.0,0.0,0.0,0.0
652,0.0,0.0,0.0,0.0,0.0
653,0.0,0.0,0.0,0.0,0.0
654,0.0,0.0,0.0,0.0,0.0
655,0.0,0.0,0.0,0.0,0.0
656,0.0,0.0,0.0,0.0,0.0
657,0.0,0.0,0.0,0.0,0.0
658,0.0,0.0,0.0,0.0,0.0
659,0.0,0.0,0.0,0.0,0.0
660,0.0,0.0,0.0,0.0,0.0
661,0.0,0.0,0.0,0.0,0.0
662,0.0,0.0,0.0,0.0,0.0
663,0.0,0.0,0.0,0.0,0.0
664,0.0,0.0,0.0,0.0,0.0
665,0.0,0.0,0.0,0.0,0.0
666,0.0,0.0,0.0,0.0,0.0
667,0.0,0.0,0.0,0.0,0.0
668,0.0,0.0,0.0,0.0,0.0
669,0.0,0.0,0.0,0.0,0.0
670,0.0,0.0,0.0,0.0,0.0
671,0.0,0.0,0.0,0.0,0.0
672,0.0,0.0,0.0,0.0,0.0
673,0.0,0.0,0.0,0.0,0.0
674,0.0,0.0,0.0,0.0,0.0
675,0.0,0.0,0.0,0.0,0.0
676,0.0,0.0,0.0,0.0,0.0
677,0.0,0.0,0.0,0.0,0.0
678,0.0,0.0,0.0,0.0,0.0
679,0.0,0.0,0.0,0.0,0.0
680,0.0,0.0,0.0,0.0,0.0
681,0.0,0.0,0.0,0.0,0.0
682,0.0,0.0,0.0,0.0,0.0
683,0.0,0.0,0.0,0.0,0.0
684,0.0,0.0,0.0,0.0,0.0
685,0.0,0.0,0.0,0.0,0.0
686,0.0,0.0,0.0,0.0,0.0
687,0.0,0.0,0.0,0.0,0.0
688,0.0,0.0,0.0,0.0,0.0
689,0.0,0.0,0.0,0.0,0.0
690,0.0,0.0,0.0,0.0,0.0
691,0.0,0.0,0.0,0.0,0.0
692,0.0,0.0,0.0,0.0,0.0
693,0.0,0.0,0.0,0.0,0.0
694,0.0,0.0,0.0,0.0,0.0
695,0.0,0.0,0.0,0.0,0.0
696,0.0,0.0,0.0,0.0,0.0
697,0.0,0.0,0.0,0.0,0.0
698,0.0,0.0,0.0,0.0,0.0
699,0.0,0.0,0.0,0.0,0.0
700,0.0,0.0,0.0,0.0,0.0
701,0.0,0.0,0.0,0.0,0.0
702,0.0,0.0,0.0,0.0,0.0
703,0.0,0.0,0.0,0.0,0.0
704,0.0,0.0,0.0,0.0,0.0
705,0.0,0.0,0.0,0.0,0.0
706,0.0,0.0,0.0,0.0,0.0
707,0.0,0.0,0.0,0.0,0.0
708,0.0,0.0,0.0,0.0,0.0
709,0.0,0.0,0.0,0.0,0.0
710,0.0,0.0,0.0,0.0,0.0
711,0.0,0.0,0.0,0.0,0.0
712,0.0,0.0,0.0,0.0,0.0
713,0.0,0.0,0.0,0.0,0.0
714,0.0,0.0,0.0,0.0,0.0
715,0.0,0.0,0.0,0.0,0.0
716,0.0,0.0,0.0,0.0,0.0
717,0.0,0.0,0.0,0.0,0.0
718,0.0,0.0,0.0,0.0,0.0
719,0.0,0.0,0.0,0.0,0.0
720,0.0,0.0,0.0,0.0,0.0
721,0.0,0.0,0.0,0.0,0.0
722,0.0,0.0,0.0,0.0,0.0
723,0.0,0.0,0.0,0.0,0.0
724,0.0,0.0,0.0,0.0,0.0
725,0.0,0.0,0.0,0.0,0.0
726,0.0,0.0,0.0,0.0,0.0
727,0.0,0.0,0.0,0.0,0.0
728,0.0,0.0,0.0,0.0,0.0
729,0.0,0.0,0.0,0.0,0.0
730,0.0,0.0,0.0,0.0,0.0
731,0.0,0.0,0.0,0.0,0.0
732,0.0,0.0,0.0,0.0,0.0
733,0.0,0.0,0.0,0.0,0.0
734,0.0,0.0,0.0,0.0,0.0
735,0.0,0.0,0.0,0.0,0.0
736,0.0,0.0,0.0,0.0,0.0
737,0.0,0.0,0.0,0.0,0.0
738,0.0,0.0,0.0,0.0,0.0
739,0.0,0.0,0.0,0.0,0.0
740,0.0,0.0,0.0,0.0,0.0
741,0.0,0.0,0.0,0.0,0.0
742,0.0,0.0,0.0,0.0,0.0
743,0.0,0.0,0.0,0.0,0.0
744,0.0,0.0,0.0,0.0,0.0
745,0.0,0.0,0.0,0.0,0.0
746,0.0,0.0,0.0,0.0,0.0
747,0.0,0.0,0.0,0.0,0.0
748,0.0,0.0,0.0,0.0,0.0
749,0.0,0.0,0.0,0.0,0.0
750,0.0,0.0,0.0,0.0,0.0
751,0.0,0.0,0.0,0.0,0.0
752,0.0,0.0,0.0,0.0,0.0
753,0.0,0.0,0.0,0.0,0.0
754,0.0,0.0,0.0,0.0,0.0
755,0.0,0.0,0.0,0.0,0.0
756,0.0,0.0,0.0,0.0,0.0
757,0.0,0.0,0.0,0.0,0.0
758,0.0,0.0,0.0,0.0,0.0
759,0.0,0.0,0.0,0.0,0.0
760,0.0,0.0,0.0,0.0,0.0
761,0.0,0.0,0.0,0.0,0.0
762,0.0,0.0,0.0,0.0,0.0
763,0.0,0.0,0.0,0.0,0.0
764,0.0,0.0,0.0,0.0,0.0
765,0.0,0.0,0.0,0.0,0.0
766,0.0,0.0,0.0,0.0,0.0
767,0.0,0.0,0.0,0.0,0.0
768,0.0,0.0,0.0,0.0,0.0
769,0.0,0.0,0.0,0.0,0.0
770,0.0,0.0,0.0,0.0,0.0
771,0.0,0.0,0.0,0.0,0.0
772,0.0,0.0,0.0,0.0,0.0
773,0.0,0.0,0.0,0.0,0.0
774,0.0,0.0,0.0,0.0,0.0
775,0.0,0.0,0.0,0.0,0.0
776,0.0,0.0,0.0,0.0,0.0
777,0.0,0.0,0.0,0.0,0.0
778,0.0,0.0,0.0,0.0,0.0
779,0.0,0.0,0.0,0.0,0.0
780,0.0,0.0,0.0,0.0,0.0
781,0.0,0.0,0.0,0.0,0.0
782,0.0,0.0,0.0,0.0,0.0
783,0.0,0.0,0.0,0.0,0.0
784,0.0,0.0,0.0,0.0,0.0
785,0.0,0.0,0.0,0.0,0.0
786,0.0,0.0,0.0,0.0,0.0
787,0.0,0.0,0.0,0.0,0.0
788,0.0,0.0,0.0,0.0,0.0
789,0.0,0.0,0.0,0.0,0.0
790,0.0,0.0,0.0,0.0,0.0
791,0.0,0.0,0.0,0.0,0.0
792,0.0,0.0,0.0,0.0,0.0
793,0.0,0.0,0.0,0.0,0.0
794,0.0,0.0,0.0,0.0,0.0
795,0.0,0.0,0.0,0.0,0.0
796,0.0,0.0,0.0,0.0,0.0
797,0.0,0.0,0.0,0.0,0.0
798,0.0,0.0,0.0,0.0,0.0
799,0.0,0.0,0.0,0.0,0.0
800,0.0,0.0,0.0,0.0,0.0
801,0.0,0.0,0.0,0.0,0.0
802,0.0,0.0,0.0,0.0,0.0
803,0.0,0.0,0.0,0.0,0.0
804,0.0,0.0,0.0,0.0,0.0
805,0.0,0.0,0.0,0.0,0.0
806,0.0,0.0,0.0,0.0,0.0
807,0.0,0.0,0.0,0.0,0.0
808,0.0,0.0,0.0,0.0,0.0
809,0.0,0.0,0.0,0.0,0.0
810,0.0,0.0,0.0,0.0,0.0
811,0.0,0.0,0.0,0.0,0.0
812,0.0,0.0,0.0,0.0,0.0
813,0.0,0.0,0.0,0.0,0.0
814,0.0,0.0,0.0,0.0,0.0
815,0.0,0.0,0.0,0.0,0.0
816,0.0,0.0,0.0,0.0,0.0
817,0.0,0.0,0.0,0.0,0.0
818,0.0,0.0,0.0,0.0,0.0
819,0.0,0.0,0.0,0.0,0.0
820,0.0,0.0,0.0,0.0,0.0
821,0.0,0.0,0.0,0.0,0.0
822,0.0,0.0,0.0,0.0,0.0
823,0.0,0.0,0.0,0.0,0.0
824,0.0,0.0,0.0,0.0,0.0
825,0.0,0.0,0.0,0.0,0.0
826,0.0,0.0,0.0,0.0,0.0
827,0.0,0.0,0.0,0.0,0.0
828,0.0,0.0,0.0,0.0,0.0
829,0.0,0.0,0.0,0.0,0.0
830,0.0,0.0,0.0,0.0,0.0
831,0.0,0.0,0.0,0.0,0.0
832,0.0,0.0,0.0,0.0,0.0
833,0.0,0.0,0.0,0.0,0.0
834,0.0,0.0,0.0,0.0,0.0
835,0.0,0.0,0.0,0.0,0.0
836,0.0,0.0,0.0,0.0,0.0
837,0.0,0.0,0.0,0.0,0.0
838,0.0,0.0,0.0,0.0,0.0
839,0.0,0.0,0.0,0.0,0.0
840,0.0,0.0,0.0,0.0,0.0
841,0.0,0.0,0.0,0.0,0.0
842,0.0,0.0,0.0,0.0,0.0
843,0.0,0.0,0.0,0.0,0.0
844,0.0,0.0,0.0,0.0,0.0
845,0.0,0.0,0.0,0.0,0.0
846,0.0,0.0,0.0,0.0,0.0
847,0.0,0.0,0.0,0.0,0.0
848,0.0,0.0,0.0,0.0,0.0
849,0.0,0.0,0.0,0.0,0.0
850,0.0,0.0,0.0,0.0,0.0
851,0.0,0.0,0.0,0.0,0.0
852,0.0,0.0,0.0,0.0,0.0
853,0.0,0.0,0.0,0.0,0.0
854,0.0,0.0,0.0,0.0,0.0
855,0.0,0.0,0.0,0.0,0.0
856,0.0,0.0,0.0,0.0,0.0
857,0.0,0.0,0.0,0.0,0.0
858,0.0,0.0,0.0,0.0,0.0
859,0.0,0.0,0.0,0.0,0.0
860,0.0,0.0,0.0,0.0,0.0
861,0.0,0.0,0.0,0.0,0.0
862,0.0,0.0,0.0,0.0,0.0
863,0.0,0.0,0.0,0.0,0.0
864,0.0,0.0,0.0,0.0,0.0
865,0.0,0.0,0.0,0.0,0.0
866,0.0,0.0,0.0,0.0,0.0
867,0.0,0.0,0.0,0.0,0.0
868,0.0,0.0,0.0,0.0,0.0
869,0.0,0.0,0.0,0.0,0.0
870,0.0,0.0,0.0,0.0,0.0
871,0.0,0.0,0.0,0.0,0.0
872,0.0,0.0,0.0,0.0,0.0
873,0.0,0.0,0.0,0.0,0.0
874,0.0,0.0,0.0,0.0,0.0
875,0.0,0.0,0.0,0.0,0.0
876,0.0,0.0,0.0,0.0,0.0
877,0.0,0.0,0.0,0.0,0.0
878,0.0,0.0,0.0,0.0,0.0
879,0.0,0.0,0.0,0.0,0.0
880,0.0,0.0,0.0,0.0,0.0
881,0.0,0.0,0.0,0.0,0.0
882,0.0,0.0,0.0,0.0,0.0
883,0.0,0.0,0.0,0.0,0.0
884,0.0,0.0,0.0,0.0,0.0
885,0.0,0.0,0.0,0.0,0.0
886,0.0,0.0,0.0,0.0,0.0
887,0.0,0.0,0.0,0.0,0.0
888,0.0,0.0,0.0,0.0,0.0
889,0.0,0.0,0.0,0.0,0.0
890,0.0,0.0,0.0,0.0,0.0
891,0.0,0.0,0.0,0.0,0.0
892,0.0,0.0,0.0,0.0,0.0
893,0.0,0.0,0.0,0.0,0.0
894,0.0,0.0,0.0,0.0,0.0
895,0.0,0.0,0.0,0.0,0.0
896,0.0,0.0,0.0,0.0,0.0
897,0.0,0.0,0.0,0.0,0.0
898,0.0,0.0,0.0,0.0,0.0
899,0.0,0.0,0.0,0.0,0.0
900,0.0,0.0,0.0,0.0,0.0
901,0.0,0.0,0.0,0.0,0.0
902,0.0,0.0,0.0,0.0,0.0
903,0.0,0.0,0.0,0.0,0.0
904,0.0,0.0,0.0,0.0,0.0
905,0.0,0.0,0.0,0.0,0.0
906,0.0,0.0,0.0,0.0,0.0
907,0.0,0.0,0.0,0.0,0.0
908,0.0,0.0,0.0,0.0,0.0
909,0.0,0.0,0.0,0.0,0.0
910,0.0,0.0,0.0,0.0,0.0
911,0.0,0.0,0.0,0.0,0.0
912,0.0,0.0,0.0,0.0,0.0
913,0.0,0.0,0.0,0.0,0.0
914,0.0,0.0,0.0,0.0,0.0
915,0.0,0.0,0.0,0.0,0.0
916,0.0,0.0,0.0,0.0,0.0
917,0.0,0.0,0.0,0.0,0.0
918,0.0,0.0,0.0,0.0,0.0
919,0.0,0.0,0.0,0.0,0.0
920,0.0,0.0,0.0,0.0,0.0
921,0.0,0.0,0.0,0.0,0.0
922,0.0,0.0,0.0,0.0,0.0
923,0.0,0.0,0.0,0.0,0.0
924,0.0,0.0,0.0,0.0,0.0
925,0.0,0.0,0.0,0.0,0.0
926,0.0,0.0,0.0,0.0,0.0
927,0.0,0.0,0.0,0.0,0.0
928,0.0,0.0,0.0,0.0,0.0
929,0.0,0.0,0.0,0.0,0.0
930,0.0,0.0,0.0,0.0,0.0
931,0.0,0.0,0.0,0.0,0.0
932,0.0,0.0,0.0,0.0,0.0
933,0.0,0.0,0.0,0.0,0.0
934,0.0,0.0,0.0,0.0,0.0
935,0.0,0.0,0.0,0.0,0.0
936,0.0,0.0,0.0,0.0,0.0
937,0.0,0.0,0.0,0.0,0.0
938,0.0,0.0,0.0,0.0,0.0
939,0.0,0.0,0.0,0.0,0.0
940,0.0,0.0,0.0,0.0,0.0
941,0.0,0.0,0.0,0.0,0.0
942,0.0,0.0,0.0,0.0,0.0
943,0.0,0.0,0.0,0.0,0.0
944,0.0,0.0,0.0,0.0,0.0
945,0.0,0.0,0.0,0.0,0.0
946,0.0,0.0,0.0,0.0,0.0
947,0.0,0.0,0.0,0.0,0.0
948,0.0,0.0,0.0,0.0,0.0
949,0.0,0.0,0.0,0.0,0.0
950,0.0,0.0,0.0,0.0,0.0
951,0.0,0.0,0.0,0.0,0.0
952,0.0,0.0,0.0,0.0,0.0
953,0.0,0.0,0.0,0.0,0.0
954,0.0,0.0,0.0,0.0,0.0
955,0.0,0.0,0.0,0.0,0.0
956,0.0,0.0,0.0,0.0,0.0
957,0.0,0.0,0.0,0.0,0.0
958,0.0,0.0,0.0,0.0,0.0
959,0.0,0.0,0.0,0.0,0.0
960,0.0,0.0,0.0,0.0,0.0
961,0.0,0.0,0.0,0.0,0.0
962,0.0,0.0,0.0,0.0,0.0
963,0.0,0.0,0.0,0.0,0.0
964,0.0,0.0,0.0,0.0,0.0
965,0.0,0.0,0.0,0.0,0.0
966,0.0,0.0,0.0,0.0,0.0
967,0.0,0.0,0.0,0.0,0.0
968,0.0,0.0,0.0,0.0,0.0
969,0.0,0.0,0.0,0.0,0.0
970,0.0,0.0,0.0,0.0,0.0
971,0.0,0.0,0.0,0.0,0.0
972,0.0,0.0,0.0,0.0,0.0
973,0.0,0.0,0.0,0.0,0.0
974,0.0,0.0,0.0,0.0,0.0
975,0.0,0.0,0.0,0.0,0.0
976,0.0,0.0,0.0,0.0,0.0
977,0.0,0.0,0.0,0.0,0.0
978,0.0,0.0,0.0,0.0,0.0
979,0.0,0.0,0.0,0.0,0.0
980,0.0,0.0,0.0,0.0,0.0
981,0.0,0.0,0.0,0.0,0.0
982,0.0,0.0,0.0,0.0,0.0
983,0.0,0.0,0.0,0.0,0.0
984,0.0,0.0,0.0,0.0,0.0
985,0.0,0.0,0.0,0.0,0.0
986,0.0,0.0,0.0,0.0,0.0
987,0.0,0.0,0.0,0.0,0.0
988,0.0,0.0,0.0,0.0,0.0
989,0.0,0.0,0.0,0.0,0.0
990,0.0,0.0,0.0,0.0,0.0
991,0.0,0.0,0.0,0.0,0.0
992,0.0,0.0,0.0,0.0,0.0
993,0.0,0.0,0.0,0.0,0.0
994,0.0,0.0,0.0,0.0,0.0
995,0.0,0.0,0.0,0.0,0.0
996,0.0,0.0,0.0,0.0,0.0
997,0.0,0.0,0.0,0.0,0.0
998,0.0,0.0,0.0,0.0,0.0
999,0.0,0.0,0.0,0.0,0.0
1000,0.0,0.0,0.0,0.0,0.0
1001,0.0,0.0,0.0,0.0,0.0
1002,0.0,0.0,0.0,0.0,0.0
1003,0.0,0.0,0.0,0.0,0.0
1004,0.0,0.0,0.0,0.0,0.0
1005,0.0,0.0,0.0,0.0,0.0
1006,0.0,0.0,0.0,0.0,0.0
1007,0.0,0.0,0.0,0.0,0.0
1008,0.0,0.0,0.0,0.0,0.0
1009,0.0,0.0,0.0,0.0,0.0
1010,0.0,0.0,0.0,0.0,0.0
1011,0.0,0.0,0.0,0.0,0.0
1012,0.0,0.0,0.0,0.0,0.0
1013,0.0,0.0,0.0,0.0,0.0
1014,0.0,0.0,0.0,0.0,0.0
1015,0.0,0.0,0.0,0.0,0.0
1016,0.0,0.0,0.0,0.0,0.0
1017,0.0,0.0,0.0,0.0,0.0
1018,0.0,0.0,0.0,0.0,0.0
1019,0.0,0.0,0.0,0.0,0.0
1020,0.0,0.0,0.0,0.0,0.0
1021,0.0,0.0,0.0,0.0,0.0
1022,0.0,0.0,0.0,0.0,0.0
1023,0.0,0.0,0.0,0.0,0.0
1024,0.0,0.0,0.0,0.0,0.0
1025,0.0,0.0,0.0,0.0,0.0
1026,0.0,0.0,0.0,0.0,0.0
1027,0.0,0.0,0.0,0.0,0.0
1028,0.0,0.0,0.0,0.0,0.0
1029,0.0,0.0,0.0,0.0,0.0
1030,0.0,0.0,0.0,0.0,0.0
1031,0.0,0.0,0.0,0.0,0.0
1032,0.0,0.0,0.0,0.0,0.0
1033,0.0,0.0,0.0,0.0,0.0
1034,0.0,0.0,0.0,0.0,0.0
1035,0.0,0.0,0.0,0.0,0.0
1036,0.0,0.0,0.0,0.0,0.0
1037,0.0,0.0,0.0,0.0,0.0
1038,0.0,0.0,0.0,0.0,0.0
1039,0.0,0.0,0.0,0.0,0.0
1040,0.0,0.0,0.0,0.0,0.0
1041,0.0,0.0,0.0,0.0,0.0
1042,0.0,0.0,0.0,0.0,0.0
1043,0.0,0.0,0.0,0.0,0.0
1044,0.0,0.0,0.0,0.0,0.0
1045,0.0,0.0,0.0,0.0,0.0
1046,0.0,0.0,0.0,0.0,0.0
1047,0.0,0.0,0.0,0.0,0.0
1048,0.0,0.0,0.0,0.0,0.0
1049,0.0,0.0,0.0,0.0,0.0
1050,0.0,0.0,0.0,0.0,0.0
1051,0.0,0.0,0.0,0.0,0.0
1052,0.0,0.0,0.0,0.0,0.0
1053,0.0,0.0,0.0,0.0,0.0
1054,0.0,0.0,0.0,0.0,0.0
1055,0.0,0.0,0.0,0.0,0.0
1056,0.0,0.0,0.0,0.0,0.0
1057,0.0,0.0,0.0,0.0,0.0
1058,0.0,0.0,0.0,0.0,0.0
1059,0.0,0.0,0.0,0.0,0.0
1060,0.0,0.0,0.0,0.0,0.0
1061,0.0,0.0,0.0,0.0,0.0
1062,0.0,0.0,0.0,0.0,0.0
1063,0.0,0.0,0.0,0.0,0.0
1064,0.0,0.0,0.0,0.0,0.0
1065,0.0,0.0,0.0,0.0,0.0
1066,0.0,0.0,0.0,0.0,0.0
1067,0.0,0.0,0.0,0.0,0.0
1068,0.0,0.0,0.0,0.0,0.0
1069,0.0,0.0,0.0,0.0,0.0
1070,0.0,0.0,0.0,0.0,0.0
1071,0.0,0.0,0.0,0.0,0.0
1072,0.0,0.0,0.0,0.0,0.0
1073,0.0,0.0,0.0,0.0,0.0
1074,0.0,0.0,0.0,0.0,0.0
1075,0.0,0.0,0.0,0.0,0.0
1076,0.0,0.0,0.0,0.0,0.0
1077,0.0,0.0,0.0,0.0,0.0
1078,0.0,0.0,0.0,0.0,0.0
1079,0.0,0.0,0.0,0.0,0.0
1080,0.0,0.0,0.0,0.0,0.0
1081,0.0,0.0,0.0,0.0,0.0
1082,0.0,0.0,0.0,0.0,0.0
1083,0.0,0.0,0.0,0.0,0.0
1084,0.0,0.0,0.0,0.0,0.0
1085,0.0,0.0,0.0,0.0,0.0
1086,0.0,0.0,0.0,0.0,0.0
1087,0.0,0.0,0.0,0.0,0.0
1088,0.0,0.0,0.0,0.0,0.0
1089,0.0,0.0,0.0,0.0,0.0
1090,0.0,0.0,0.0,0.0,0.0
1091,0.0,0.0,0.0,0.0,0.0
1092,0.0,0.0,0.0,0.0,0.0
1093,0.0,0.0,0.0,0.0,0.0
1094,0.0,0.0,0.0,0.0,0.0
1095,0.0,0.0,0.0,0.0,0.0
1096,0.0,0.0,0.0,0.0,0.0
1097,0.0,0.0,0.0,0.0,0.0
1098,0.0,0.0,0.0,0.0,0.0
1099,0.0,0.0,0.0,0.0,0.0
1100,0.0,0.0,0.0,0.0,0.0
1101,0.0,0.0,0.0,0.0,0.0
1102,0.0,0.0,0.0,0.0,0.0
1103,0.0,0.0,0.0,0.0,0.0
1104,0.0,0.0,0.0,0.0,0.0
1105,0.0,0.0,0.0,0.0,0.0
1106,0.0,0.0,0.0,0.0,0.0
1107,0.0,0.0,0.0,0.0,0.0
1108,0.0,0.0,0.0,0.0,0.0
1109,0.0,0.0,0.0,0.0,0.0
1110,0.0,0.0,0.0,0.0,0.0
1111,0.0,0.0,0.0,0.0,0.0
1112,0.0,0.0,0.0,0.0,0.0
1113,0.0,0.0,0.0,0.0,0.0
1114,0.0,0.0,0.0,0.0,0.0
1115,0.0,0.0,0.0,0.0,0.0
1116,0.0,0.0,0.0,0.0,0.0
1117,0.0,0.0,0.0,0.0,0.0
1118,0.0,0.0,0.0,0.0,0.0
1119,0.0,0.0,0.0,0.0,0.0
1120,0.0,0.0,0.0,0.0,0.0
1121,0.0,0.0,0.0,0.0,0.0
1122,0.0,0.0,0.0,0.0,0.0
1123,0.0,0.0,0.0,0.0,0.0
1124,0.0,0.0,0.0,0.0,0.0
1125,0.0,0.0,0.0,0.0,0.0
1126,0.0,0.0,0.0,0.0,0.0
1127,0.0,0.0,0.0,0.0,0.0
1128,0.0,0.0,0.0,0.0,0.0
1129,0.0,0.0,0.0,0.0,0.0
1130,0.0,0.0,0.0,0.0,0.0
1131,0.0,0.0,0.0,0.0,0.0
1132,0.0,0.0,0.0,0.0,0.0
1133,0.0,0.0,0.0,0.0,0.0
1134,0.0,0.0,0.0,0.0,0.0
1135,0.0,0.0,0.0,0.0,0.0
1136,0.0,0.0,0.0,0.0,0.0
1137,0.0,0.0,0.0,0.0,0.0
1138,0.0,0.0,0.0,0.0,0.0
1139,0.0,0.0,0.0,0.0,0.0
1140,0.0,0.0,0.0,0.0,0.0
1141,0.0,0.0,0.0,0.0,0.0
1142,0.0,0.0,0.0,0.0,0.0
1143,0.0,0.0,0.0,0.0,0.0
1144,0.0,0.0,0.0,0.0,0.0
1145,0.0,0.0,0.0,0.0,0.0
1146,0.0,0.0,0.0,0.0,0.0
1147,0.0,0.0,0.0,0.0,0.0
1148,0.0,0.0,0.0,0.0,0.0
1149,0.0,0.0,0.0,0.0,0.0
1150,0.0,0.0,0.0,0.0,0.0
1151,0.0,0.0,0.0,0.0,0.0
1152,0.0,0.0,0.0,0.0,0.0
1153,0.0,0.0,0.0,0.0,0.0
1154,0.0,0.0,0.0,0.0,0.0
1155,0.0,0.0,0.0,0.0,0.0
1156,0.0,0.0,0.0,0.0,0.0
1157,0.0,0.0,0.0,0.0,0.0
1158,0.0,0.0,0.0,0.0,0.0
1159,0.0,0.0,0.0,0.0,0.0
1160,0.0,0.0,0.0,0.0,0.0
1161,0.0,0.0,0.0,0.0,0.0
1162,0.0,0.0,0.0,0.0,0.0
1163,0.0,0.0,0.0,0.0,0.0
1164,0.0,0.0,0.0,0.0,0.0
1165,0.0,0.0,0.0,0.0,0.0
1166,0.0,0.0,0.0,0.0,0.0
1167,0.0,0.0,0.0,0.0,0.0
1168,0.0,0.0,0.0,0.0,0.0
1169,0.0,0.0,0.0,0.0,0.0
1170,0.0,0.0,0.0,0.0,0.0
1171,0.0,0.0,0.0,0.0,0.0
1172,0.0,0.0,0.0,0.0,0.0
1173,0.0,0.0,0.0,0.0,0.0
1174,0.0,0.0,0.0,0.0,0.0
1175,0.0,0.0,0.0,0.0,0.0
1176,0.0,0.0,0.0,0.0,0.0
1177,0.0,0.0,0.0,0.0,0.0
1178,0.0,0.0,0.0,0.0,0.0
1179,0.0,0.0,0.0,0.0,0.0
1180,0.0,0.0,0.0,0.0,0.0
1181,0.0,0.0,0.0,0.0,0.0
1182,0.0,0.0,0.0,0.0,0.0
1183,0.0,0.0,0.0,0.0,0.0
1184,0.0,0.0,0.0,0.0,0.0
1185,0.0,0.0,0.0,0.0,0.0
1186,0.0,0.0,0.0,0.0,0.0
1187,0.0,0.0,0.0,0.0,0.0
1188,0.0,0.0,0.0,0.0,0.0
1189,0.0,0.0,0.0,0.0,0.0
1190,0.0,0.0,0.0,0.0,0.0
1191,0.0,0.0,0.0,0.0,0.0
1192,0.0,0.0,0.0,0.0,0.0
1193,0.0,0.0,0.0,0.0,0.0
1194,0.0,0.0,0.0,0.0,0.0
1195,0.0,0.0,0.0,0.0,0.0
1196,0.0,0.0,0.0,0.0,0.0
1197,0.0,0.0,0.0,0.0,0.0
1198,0.0,0.0,0.0,0.0,0.0
1199,0.0,0.0,0.0,0.0,0.0
1200,0.0,0.0,0.0,0.0,0.0
1201,0.0,0.0,0.0,0.0,0.0
1202,0.0,0.0,0.0,0.0,0.0
1203,0.0,0.0,0.0,0.0,0.0
1204,0.0,0.0,0.0,0.0,0.0
1205,0.0,0.0,0.0,0.0,0.0
1206,0.0,0.0,0.0,0.0,0.0
1207,0.0,0.0,0.0,0.0,0.0
1208,0.0,0.0,0.0,0.0,0.0
1209,0.0,0.0,0.0,0.0,0.0
1210,0.0,0.0,0.0,0.0,0.0
1211,0.0,0.0,0.0,0.0,0.0
1212,0.0,0.0,0.0,0.0,0.0
1213,0.0,0.0,0.0,0.0,0.0
1214,0.0,0.0,0.0,0.0,0.0
1215,0.0,0.0,0.0,0.0,0.0
1216,0.0,0.0,0.0,0.0,0.0
1217,0.0,0.0,0.0,0.0,0.0
1218,0.0,0.0,0.0,0.0,0.0
1219,0.0,0.0,0.0,0.0,0.0
1220,0.0,0.0,0.0,0.0,0.0
1221,0.0,0.0,0.0,0.0,0.0
1222,0.0,0.0,0.0,0.0,0.0
1223,0.0,0.0,0.0,0.0,0.0
1224,0.0,0.0,0.0,0.0,0.0
1225,0.0,0.0,0.0,0.0,0.0
1226,0.0,0.0,0.0,0.0,0.0
1227,0.0,0.0,0.0,0.0,0.0
1228,0.0,0.0,0.0,0.0,0.0
1229,0.0,0.0,0.0,0.0,0.0
1230,0.0,0.0,0.0,0.0,0.0
1231,0.0,0.0,0.0,0.0,0.0
1232,0.0,0.0,0.0,0.0,0.0
1233,0.0,0.0,0.0,0.0,0.0
1234,0.0,0.0,0.0,0.0,0.0
1235,0.0,0.0,0.0,0.0,0.0
1236,0.0,0.0,0.0,0.0,0.0
1237,0.0,0.0,0.0,0.0,0.0
1238,0.0,0.0,0.0,0.0,0.0
1239,0.0,0.0,0.0,0.0,0.0
1240,0.0,0.0,0.0,0.0,0.0
1241,0.0,0.0,0.0,0.0,0.0
1242,0.0,0.0,0.0,0.0,0.0
1243,0.0,0.0,0.0,0.0,0.0
1244,0.0,0.0,0.0,0.0,0.0
1245,0.0,0.0,0.0,0.0,0.0
1246,0.0,0.0,0.0,0.0,0.0
1247,0.0,0.0,0.0,0.0,0.0
1248,0.0,0.0,0.0,0.0,0.0
1249,0.0,0.0,0.0,0.0,0.0
1250,0.0,0.0,0.0,0.0,0.0
1251,0.0,0.0,0.0,0.0,0.0
1252,0.0,0.0,0.0,0.0,0.0
1253,0.0,0.0,0.0,0.0,0.0
1254,0.0,0.0,0.0,0.0,0.0
1255,0.0,0.0,0.0,0.0,0.0
1256,0.0,0.0,0.0,0.0,0.0
1257,0.0,0.0,0.0,0.0,0.0
1258,0.0,0.0,0.0,0.0,0.0
1259,0.0,0.0,0.0,0.0,0.0
1260,0.0,0.0,0.0,0.0,0.0
1261,0.0,0.0,0.0,0.0,0.0
1262,0.0,0.0,0.0,0.0,0.0
1263,0.0,0.0,0.0,0.0,0.0
1264,0.0,0.0,0.0,0.0,0.0
1265,0.0,0.0,0.0,0.0,0.0
1266,0.0,0.0,0.0,0.0,0.0
1267,0.0,0.0,0.0,0.0,0.0
1268,0.0,0.0,0.0,0.0,0.0
1269,0.0,0.0,0.0,0.0,0.0
1270,0.0,0.0,0.0,0.0,0.0
1271,0.0,0.0,0.0,0.0,0.0
1272,0.0,0.0,0.0,0.0,0.0
1273,0.0,0.0,0.0,0.0,0.0
1274,0.0,0.0,0.0,0.0,0.0
1275,0.0,0.0,0.0,0.0,0.0
1276,0.0,0.0,0.0,0.0,0.0
1277,0.0,0.0,0.0,0.0,0.0
1278,0.0,0.0,0.0,0.0,0.0
1279,0.0,0.0,0.0,0.0,0.0
1280,0.0,0.0,0.0,0.0,0.0
1281,0.0,0.0,0.0,0.0,0.0
1282,0.0,0.0,0.0,0.0,0.0
1283,0.0,0.0,0.0,0.0,0.0
1284,0.0,0.0,0.0,0.0,0.0
1285,0.0,0.0,0.0,0.0,0.0
1286,0.0,0.0,0.0,0.0,0.0
1287,0.0,0.0,0.0,0.0,0.0
1288,0.0,0.0,0.0,0.0,0.0
1289,0.0,0.0,0.0,0.0,0.0
1290,0.0,0.0,0.0,0.0,0.0
1291,0.0,0.0,0.0,0.0,0.0
1292,0.0,0.0,0.0,0.0,0.0
1293,0.0,0.0,0.0,0.0,0.0
1294,0.0,0.0,0.0,0.0,0.0
1295,0.0,0.0,0.0,0.0,0.0
1296,0.0,0.0,0.0,0.0,0.0
1297,0.0,0.0,0.0,0.0,0.0
1298,0.0,0.0,0.0,0.0,0.0
1299,0.0,0.0,0.0,0.0,0.0
1300,0.0,0.0,0.0,0.0,0.0
1301,0.0,0.0,0.0,0.0,0.0
1302,0.0,0.0,0.0,0.0,0.0
1303,0.0,0.0,0.0,0.0,0.0
1304,0.0,0.0,0.0,0.0,0.0
1305,0.0,0.0,0.0,0.0,0.0
1306,0.0,0.0,0.0,0.0,0.0
1307,0.0,0.0,0.0,0.0,0.0
1308,0.0,0.0,0.0,0.0,0.0
1309,0.0,0.0,0.0,0.0,0.0
1310,0.0,0.0,0.0,0.0,0.0
1311,0.0,0.0,0.0,0.0,0.0
1312,0.0,0.0,0.0,0.0,0.0
1313,0.0,0.0,0.0,0.0,0.0
1314,0.0,0.0,0.0,0.0,0.0
1315,0.0,0.0,0.0,0.0,0.0
1316,0.0,0.0,0.0,0.0,0.0
1317,0.0,0.0,0.0,0.0,0.0
1318,0.0,0.0,0.0,0.0,0.0
1319,0.0,0.0,0.0,0.0,0.0
1320,0.0,0.0,0.0,0.0,0.0
1321,0.0,0.0,0.0,0.0,0.0
1322,0.0,0.0,0.0,0.0,0.0
1323,0.0,0.0,0.0,0.0,0.0
1324,0.0,0.0,0.0,0.0,0.0
1325,0.0,0.0,0.0,0.0,0.0
1326,0.0,0.0,0.0,0.0,0.0
1327,0.0,0.0,0.0,0.0,0.0
1328,0.0,0.0,0.0,0.0,0.0
1329,0.0,0.0,0.0,0.0,0.0
1330,0.0,0.0,0.0,0.0,0.0
1331,0.0,0.0,0.0,0.0,0.0
1332,0.0,0.0,0.0,0.0,0.0
1333,0.0,0.0,0.0,0.0,0.0
1334,0.0,0.0,0.0,0.0,0.0
1335,0.0,0.0,0.0,0.0,0.0
1336,0.0,0.0,0.0,0.0,0.0
1337,0.0,0.0,0.0,0.0,0.0
1338,0.0,0.0,0.0,0.0,0.0
1339,0.0,0.0,0.0,0.0,0.0
1340,0.0,0.0,0.0,0.0,0.0
1341,0.0,0.0,0.0,0.0,0.0
1342,0.0,0.0,0.0,0.0,0.0
1343,0.0,0.0,0.0,0.0,0.0
1344,0.0,0.0,0.0,0.0,0.0
1345,0.0,0.0,0.0,0.0,0.0
1346,0.0,0.0,0.0,0.0,0.0
1347,0.0,0.0,0.0,0.0,0.0
1348,0.0,0.0,0.0,0.0,0.0
1349,0.0,0.0,0.0,0.0,0.0
1350,0.0,0.0,0.0,0.0,0.0
1351,0.0,0.0,0.0,0.0,0.0
1352,0.0,0.0,0.0,0.0,0.0
1353,0.0,0.0,0.0,0.0,0.0
1354,0.0,0.0,0.0,0.0,0.0
1355,0.0,0.0,0.0,0.0,0.0
1356,0.0,0.0,0.0,0.0,0.0
1357,0.0,0.0,0.0,0.0,0.0
1358,0.0,0.0,0.0,0.0,0.0
1359,0.0,0.0,0.0,0.0,0.0
1360,0.0,0.0,0.0,0.0,0.0
1361,0.0,0.0,0.0,0.0,0.0
1362,0.0,0.0,0.0,0.0,0.0
1363,0.0,0.0,0.0,0.0,0.0
1364,0.0,0.0,0.0,0.0,0.0
1365,0.0,0.0,0.0,0.0,0.0
1366,0.0,0.0,0.0,0.0,0.0
1367,0.0,0.0,0.0,0.0,0.0
1368,0.0,0.0,0.0,0.0,0.0
1369,0.0,0.0,0.0,0.0,0.0
1370,0.0,0.0,0.0,0.0,0.0
1371,0.0,0.0,0.0,0.0,0.0
1372,0.0,0.0,0.0,0.0,0.0
1373,0.0,0.0,0.0,0.0,0.0
1374,0.0,0.0,0.0,0.0,0.0
1375,0.0,0.0,0.0,0.0,0.0
1376,0.0,0.0,0.0,0.0,0.0
1377,0.0,0.0,0.0,0.0,0.0
1378,0.0,0.0,0.0,0.0,0.0
1379,0.0,0.0,0.0,0.0,0.0
1380,0.0,0.0,0.0,0.0,0.0
1381,0.0,0.0,0.0,0.0,0.0
1382,0.0,0.0,0.0,0.0,0.0
1383,0.0,0.0,0.0,0.0,0.0
1384,0.0,0.0,0.0,0.0,0.0
1385,0.0,0.0,0.0,0.0,0.0
1386,0.0,0.0,0.0,0.0,0.0
1387,0.0,0.0,0.0,0.0,0.0
1388,0.0,0.0,0.0,0.0,0.0
1389,0.0,0.0,0.0,0.0,0.0
1390,0.0,0.0,0.0,0.0,0.0
1391,0.0,0.0,0.0,0.0,0.0
1392,0.0,0.0,0.0,0.0,0.0
1393,0.0,0.0,0.0,0.0,0.0
1394,0.0,0.0,0.0,0.0,0.0
1395,0.0,0.0,0.0,0.0,0.0
1396,0.0,0.0,0.0,0.0,0.0
1397,0.0,0.0,0.0,0.0,0.0
1398,0.0,0.0,0.0,0.0,0.0
1399,0.0,0.0,0.0,0.0,0.0
1400,0.0,0.0,0.0,0.0,0.0
1401,0.0,0.0,0.0,0.0,0.0
1402,0.0,0.0,0.0,0.0,0.0
1403,0.0,0.0,0.0,0.0,0.0
1404,0.0,0.0,0.0,0.0,0.0
1405,0.0,0.0,0.0,0.0,0.0
1406,0.0,0.0,0.0,0.0,0.0
1407,0.0,0.0,0.0,0.0,0.0
1408,0.0,0.0,0.0,0.0,0.0
1409,0.0,0.0,0.0,0.0,0.0
1410,0.0,0.0,0.0,0.0,0.0
1411,0.0,0.0,0.0,0.0,0.0
1412,0.0,0.0,0.0,0.0,0.0
1413,0.0,0.0,0.0,0.0,0.0
1414,0.0,0.0,0.0,0.0,0.0
1415,0.0,0.0,0.0,0.0,0.0
1416,0.0,0.0,0.0,0.0,0.0
1417,0.0,0.0,0.0,0.0,0.0
1418,0.0,0.0,0.0,0.0,0.0
1419,0.0,0.0,0.0,0.0,0.0
1420,0.0,0.0,0.0,0.0,0.0
1421,0.0,0.0,0.0,0.0,0.0
1422,0.0,0.0,0.0,0.0,0.0
1423,0.0,0.0,0.0,0.0,0.0
1424,0.0,0.0,0.0,0.0,0.0
1425,0.0,0.0,0.0,0.0,0.0
1426,0.0,0.0,0.0,0.0,0.0
1427,0.0,0.0,0.0,0.0,0.0
1428,0.0,0.0,0.0,0.0,0.0
1429,0.0,0.0,0.0,0.0,0.0
1430,0.0,0.0,0.0,0.0,0.0
1431,0.0,0.0,0.0,0.0,0.0
1432,0.0,0.0,0.0,0.0,0.0
1433,0.0,0.0,0.0,0.0,0.0
1434,0.0,0.0,0.0,0.0,0.0
1435,0.0,0.0,0.0,0.0,0.0
1436,0.0,0.0,0.0,0.0,0.0
1437,0.0,0.0,0.0,0.0,0.0
1438,0.0,0.0,0.0,0.0,0.0
1439,0.0,0.0,0.0,0.0,0.0
1440,0.0,0.0,0.0,0.0,0.0
1441,0.0,0.0,0.0,0.0,0.0
1442,0.0,0.0,0.0,0.0,0.0
1443,0.0,0.0,0.0,0.0,0.0
1444,0.0,0.0,0.0,0.0,0.0
1445,0.0,0.0,0.0,0.0,0.0
1446,0.0,0.0,0.0,0.0,0.0
1447,0.0,0.0,0.0,0.0,0.0
1448,0.0,0.0,0.0,0.0,0.0
1449,0.0,0.0,0.0,0.0,0.0
1450,0.0,0.0,0.0,0.0,0.0
1451,0.0,0.0,0.0,0.0,0.0
1452,0.0,0.0,0.0,0.0,0.0
1453,0.0,0.0,0.0,0.0,0.0
1454,0.0,0.0,0.0,0.0,0.0
1455,0.0,0.0,0.0,0.0,0.0
1456,0.0,0.0,0.0,0.0,0.0
1457,0.0,0.0,0.0,0.0,0.0
1458,0.0,0.0,0.0,0.0,0.0
1459,0.0,0.0,0.0,0.0,0.0
1460,0.0,0.0,0.0,0.0,0.0
1461,0.0,0.0,0.0,0.0,0.0
1462,0.0,0.0,0.0,0.0,0.0
1463,0.0,0.0,0.0,0.0,0.0
1464,0.0,0.0,0.0,0.0,0.0
1465,0.0,0.0,0.0,0.0,0.0
1466,0.0,0.0,0.0,0.0,0.0
1467,0.0,0.0,0.0,0.0,0.0
1468,0.0,0.0,0.0,0.0,0.0
1469,0.0,0.0,0.0,0.0,0.0
1470,0.0,0.0,0.0,0.0,0.0
1471,0.0,0.0,0.0,0.0,0.0
1472,0.0,0.0,0.0,0.0,0.0
1473,0.0,0.0,0.0,0.0,0.0
1474,0.0,0.0,0.0,0.0,0.0
1475,0.0,0.0,0.0,0.0,0.0
1476,0.0,0.0,0.0,0.0,0.0
1477,0.0,0.0,0.0,0.0,0.0
1478,0.0,0.0,0.0,0.0,0.0
1479,0.0,0.0,0.0,0.0,0.0
1480,0.0,0.0,0.0,0.0,0.0
1481,0.0,0.0,0.0,0.0,0.0
1482,0.0,0.0,0.0,0.0,0.0
1483,0.0,0.0,0.0,0.0,0.0
1484,0.0,0.0,0.0,0.0,0.0
1485,0.0,0.0,0.0,0.0,0.0
1486,0.0,0.0,0.0,0.0,0.0
1487,0.0,0.0,0.0,0.0,0.0
1488,0.0,0.0,0.0,0.0,0.0
1489,0.0,0.0,0.0,0.0,0.0
1490,0.0,0.0,0.0,0.0,0.0
1491,0.0,0.0,0.0,0.0,0.0
1492,0.0,0.0,0.0,0.0,0.0
1493,0.0,0.0,0.0,0.0,0.0
1494,0.0,0.0,0.0,0.0,0.0
1495,0.0,0.0,0.0,0.0,0.0
1496,0.0,0.0,0.0,0.0,0.0
1497,0.0,0.0,0.0,0.0,0.0
1498,0.0,0.0,0.0,0.0,0.0
1499,0.0,0.0,0.0,0.0,0.0
1500,0.0,0.0,0.0,0.0,0.0
1501,0.0,0.0,0.0,0.0,0.0
1502,0.0,0.0,0.0,0.0,0.0
1503,0.0,0.0,0.0,0.0,0.0
1504,0.0,0.0,0.0,0.0,0.0
1505,0.0,0.0,0.0,0.0,0.0
1506,0.0,0.0,0.0,0.0,0.0
1507,0.0,0.0,0.0,0.0,0.0
1508,0.0,0.0,0.0,0.0,0.0
1509,0.0,0.0,0.0,0.0,0.0
1510,0.0,0.0,0.0,0.0,0.0
1511,0.0,0.0,0.0,0.0,0.0
1512,0.0,0.0,0.0,0.0,0.0
1513,0.0,0.0,0.0,0.0,0.0
1514,0.0,0.0,0.0,0.0,0.0
1515,0.0,0.0,0.0,0.0,0.0
1516,0.0,0.0,0.0,0.0,0.0
1517,0.0,0.0,0.0,0.0,0.0
1518,0.0,0.0,0.0,0.0,0.0
1519,0.0,0.0,0.0,0.0,0.0
1520,0.0,0.0,0.0,0.0,0.0
1521,0.0,0.0,0.0,0.0,0.0
1522,0.0,0.0,0.0,0.0,0.0
1523,0.0,0.0,0.0,0.0,0.0
1524,0.0,0.0,0.0,0.0,0.0
1525,0.0,0.0,0.0,0.0,0.0
1526,0.0,0.0,0.0,0.0,0.0
1527,0.0,0.0,0.0,0.0,0.0
1528,0.0,0.0,0.0,0.0,0.0
1529,0.0,0.0,0.0,0.0,0.0
1530,0.0,0.0,0.0,0.0,0.0
1531,0.0,0.0,0.0,0.0,0.0
1532,0.0,0.0,0.0,0.0,0.0
1533,0.0,0.0,0.0,0.0,0.0
1534,0.0,0.0,0.0,0.0,0.0
1535,0.0,0.0,0.0,0.0,0.0
1536,0.0,0.0,0.0,0.0,0.0
1537,0.0,0.0,0.0,0.0,0.0
1538,0.0,0.0,0.0,0.0,0.0
1539,0.0,0.0,0.0,0.0,0.0
1540,0.0,0.0,0.0,0.0,0.0
1541,0.0,0.0,0.0,0.0,0.0
1542,0.0,0.0,0.0,0.0,0.0
1543,0.0,0.0,0.0,0.0,0.0
1544,0.0,0.0,0.0,0.0,0.0
1545,0.0,0.0,0.0,0.0,0.0
1546,0.0,0.0,0.0,0.0,0.0
1547,0.0,0.0,0.0,0.0,0.0
1548,0.0,0.0,0.0,0.0,0.0
1549,0.0,0.0,0.0,0.0,0.0
1550,0.0,0.0,0.0,0.0,0.0
1551,0.0,0.0,0.0,0.0,0.0
1552,0.0,0.0,0.0,0.0,0.0
1553,0.0,0.0,0.0,0.0,0.0
1554,0.0,0.0,0.0,0.0,0.0
1555,0.0,0.0,0.0,0.0,0.0
1556,0.0,0.0,0.0,0.0,0.0
1557,0.0,0.0,0.0,0.0,0.0
1558,0.0,0.0,0.0,0.0,0.0
1559,0.0,0.0,0.0,0.0,0.0
1560,0.0,0.0,0.0,0.0,0.0
1561,0.0,0.0,0.5,0.0,0.0
1562,0.0,0.0,0.5,0.0,0.0
1563,0.0,0.0,0.5,0.0,0.0
1564,0.0,0.0,0.5,0.0,0.0
1565,0.0,0.0,0.5,0.0,0.0
1566,0.0,0.0,0.5,0.0,0.0
1567,0.0,0.0,0.5,0.0,0.0
1568,0.0,0.0,0.5,0.0,0.0
1569,0.0,0.0,0.5,0.0,0.0
1570,0.0,0.0,0.5,0.0,0.0
1571,0.0,0.0,0.5,0.0,0.0
1572,0.0,0.0,0.5,0.0,0.0
1573,0.0,0.0,0.5,0.0,0.0
1574,0.0,0.0,0.5,0.0,0.0
1575,0.0,0.0,0.5,0.0,0.0
1576,0.0,0.0,0.5,0.0,0.0
1577,0.0,0.0,0.5,0.0,0.0
1578,0.0,0.0,0.5,0.0,0.0
1579,0.0,0.0,0.5,0.0,0.0
1580,0.0,0.0,0.5,0.0,0.0
1581,0.0,0.0,0.5,0.0,0.0
1582,0.0,0.0,0.5,0.0,0.0
1583,0.0,0.0,0.5,0.0,0.0
1584,0.0,0.0,0.5,0.0,0.0
1585,0.0,0.0,0.5,0.0,0.0
1586,0.0,0.0,0.5,0.0,0.0
1587,0.0,0.0,0.5,0.0,0.0
1588,0.0,0.0,0.5,0.0,0.0
1589,0.0,0.0,0.5,0.0,0.0
1590,0.0,0.0,0.5,0.0,0.0
1591,0.0,0.0,0.5,0.0,0.0
1592,0.0,0.0,0.5,0.0,0.0
1593,0.0,0.0,0.5,0.0,0.0
1594,0.0,0.0,0.5,0.0,0.0
1595,0.0,0.0,0.5,0.0,0.0
1596,0.0,0.0,0.5,0.0,0.0
1597,0.0,0.0,0.5,0.0,0.0
1598,0.0,0.0,0.5,0.0,0.0
1599,0.0,0.0,0.5,0.0,0.0
1600,0.0,0.0,0.5,0.0,0.0
1601,0.0,0.0,0.5,0.0,0.0
1602,0.0,0.0,0.5,0.0,0.0
1603,0.0,0.0,0.5,0.0,0.0
1604,0.0,0.0,0.5,0.0,0.0
1605,0.0,0.0,0.5,0.0,0.0
1606,0.0,0.0,0.5,0.0,0.0
1607,0.0,0.0,0.5,0.0,0.0
1608,0.0,0.0,0.5,0.0,0.0
1609,0.0,0.0,0.5,0.0,0.0
1610,0.0,0.0,0.5,0.0,0.0
1611,0.0,0.0,0.5,0.0,0.0
1612,0.0,0.0,0.5,0.0,0.0
1613,0.0,0.0,0.5,0.0,0.0
1614,0.0,0.0,0.5,0.0,0.0
1615,0.0,0.0,0.5,0.0,0.0
1616,0.0,0.0,0.5,0.0,0.0
1617,0.0,0.0,0.5,0.0,0.0
1618,0.0,0.0,0.5,0.0,0.0
1619,0.0,0.0,0.5,0.0,0.0
1620,0.0,0.0,0.5,0.0,0.0
1621,0.0,0.0,0.5,0.0,0.0
1622,0.0,0.0,0.5,0.0,0.0
1623,0.0,0.0,0.5,0.0,0.0
1624,0.0,0.0,0.5,0.0,0.0
1625,0.0,0.0,0.5,0.0,0.0
1626,0.0,0.0,0.5,0.0,0.0
1627,0.0,0.0,0.5,0.0,0.0
1628,0.0,0.0,0.5,0.0,0.0
1629,0.0,0.0,0.5,0.0,0.0
1630,0.0,0.0,0.5,0.0,0.0
1631,0.0,0.0,0.5,0.0,0.0
1632,0.0,0.0,0.5,0.0,0.0
1633,0.0,0.0,0.5,0.0,0.0
1634,0.0,0.0,0.5,0.0,0.0
1635,0.0,0.0,0.5,0.0,0.0
1636,0.0,0.0,0.5,0.0,0.0
1637,0.0,0.0,0.5,0.0,0.0
1638,0.0,0.0,0.5,0.0,0.0
1639,0.0,0.0,0.5,0.0,0.0
1640,0.0,0.0,0.5,0.0,0.0
1641,0.0,0.0,0.5,0.0,0.0
1642,0.0,0.0,0.5,0.0,0.0
1643,0.0,0.0,0.5,0.0,0.0
1644,0.0,0.0,0.5,0.0,0.0
1645,0.0,0.0,0.5,0.0,0.0
1646,0.0,0.0,0.5,0.0,0.0
1647,0.0,0.0,0.5,0.0,0.0
1648,0.0,0.0,0.5,0.0,0.0
1649,0.0,0.0,0.5,0.0,0.0
1650,0.0,0.0,0.5,0.0,0.0
1651,0.0,0.0,0.5,0.0,0.0
1652,0.0,0.0,0.5,0.0,0.0
1653,0.0,0.0,0.5,0.0,0.0
1654,0.0,0.0,0.5,0.0,0.0
1655,0.0,0.0,0.5,0.0,0.0
1656,0.0,0.0,0.5,0.0,0.0
1657,0.0,0.0,0.5,0.0,0.0
1658,0.0,0.0,0.5,0.0,0.0
1659,0.0,0.0,0.5,0.0,0.0
1660,0.0,0.0,0.5,0.0,0.0
1661,0.0,0.0,0.5,0.0,0.0
1662,0.0,0.0,0.5,0.0,0.0
1663,0.0,0.0,0.5,0.0,0.0
1664,0.0,0.0,0.5,0.0,0.0
1665,0.0,0.0,0.5,0.0,0.0
1666,0.0,0.0,0.5,0.0,0.0
1667,0.0,0.0,0.5,0.0,0.0
1668,0.0,0.0,0.5,0.0,0.0
1669,0.0,0.0,0.5,0.0,0.0
1670,0.0,0.0,0.5,0.0,0.0
1671,0.0,0.0,0.5,0.0,0.0
1672,0.0,0.0,0.5,0.0,0.0
1673,0.0,0.0,0.5,0.0,0.0
1674,0.0,0.0,0.5,0.0,0.0
1675,0.0,0.0,0.5,0.0,0.0
1676,0.0,0.0,0.5,0.0,0.0
1677,0.0,0.0,0.5,0.0,0.0
1678,0.0,0.0,0.5,0.0,0.0
1679,0.0,0.0,0.5,0.0,0.0
1680,0.0,0.0,0.5,0.0,0.0
1681,0.0,0.0,0.5,0.0,0.0
1682,0.0,0.0,0.5,0.0,0.0
1683,0.0,0.0,0.5,0.0,0.0
1684,0.0,0.0,0.5,0.0,0.0
1685,0.0,0.0,0.5,0.0,0.0
1686,0.0,0.0,0.5,0.0,0.0
1687,0.0,0.0,0.5,0.0,0.0
1688,0.0,0.0,0.5,0.0,0.0
1689,0.0,0.0,0.5,0.0,0.0
1690,0.0,0.0,0.5,0.0,0.0
1691,0.0,0.0,0.5,0.0,0.0
1692,0.0,0.0,0.5,0.0,0.0
1693,0.0,0.0,0.5,0.0,0.0
1694,0.0,0.0,0.5,0.0,0.5
1695,0.0,0.0,0.5,0.0,0.5
1696,0.0,0.0,0.5,0.0,0.5
1697,0.0,0.0,0.5,0.0,0.5
1698,0.0,0.0,0.5,0.0,0.5
1699,0.0,0.0,0.5,0.0,0.5
1700,0.0,0.0,0.5,0.0,0.5
1701,0.0,0.0,0.5,0.0,0.5
1702,0.0,0.0,0.5,0.0,0.5
1703,0.0,0.0,0.5,0.0,0.5
1704,0.0,0.0,0.5,0.0,0.5
1705,0.0,0.0,0.5,0.0,0.5
1706,0.0,0.0,0.5,0.0,0.5
1707,0.0,0.0,0.5,0.0,0.5
1708,0.0,0.0,0.5,0.0,0.5
1709,0.0,0.0,0.5,0.0,0.5
1710,0.0,0.0,0.5,0.0,0.5
1711,0.0,0.0,0.5,0.0,0.5
1712,0.0,0.0,0.5,0.0,0.5
1713,0.0,0.0,0.5,0.0,0.5
1714,0.0,0.5,0.5,0.0,0.5
1715,0.0,0.5,0.5,0.0,0.5
1716,0.0,0.5,0.5,0.0,0.5
1717,0.0,0.5,0.5,0.0,0.5
1718,0.0,0.5,0.5,0.0,0.5
1719,0.0,0.5,0.5,0.0,0.5
1720,0.0,0.5,0.5,0.0,0.5
1721,0.0,0.5,0.5,0.0,0.5
1722,0.0,0.5,0.5,0.0,0.5
1723,0.0,0.5,0.5,0.0,0.5
1724,0.0,0.5,0.5,0.0,0.5
1725,0.0,0.5,0.5,0.0,0.5
1726,0.0,0.5,0.5,0.0,0.5
1727,0.0,0.5,0.5,0.0,0.5
1728,0.0,0.5,0.5,0.0,0.5
1729,0.0,0.5,0.5,0.0,0.5
1730,0.0,0.5,0.5,0.0,0.5
1731,0.0,0.5,0.5,0.0,0.5
1732,0.0,0.5,0.5,0.0,0.5
1733,0.0,0.5,0.5,0.0,0.5
1734,0.0,0.5,0.5,0.0,0.5
1735,0.0,0.5,0.5,0.0,0.5
1736,0.0,0.5,0.5,0.0,0.5
1737,0.0,0.5,0.5,0.0,0.5
1738,0.0,0.5,0.5,0.5,0.5
1739,0.0,0.5,0.5,0.5,0.5
1740,0.0,0.5,0.5,0.5,0.5
1741,0.0,0.5,0.5,0.5,0.5
1742,0.0,0.5,0.5,0.5,0.5
1743,0.0,0.5,0.5,0.5,0.5
1744,0.0,0.5,0.5,0.5,0.5
1745,0.5,0.5,0.5,0.5,0.5
1746,0.5,0.5,0.5,0.5,0.5
1747,0.5,0.5,0.5,0.5,0.5
1748,0.5,0.5,0.5,0.5,0.5
1749,0.5,0.5,0.5,0.5,0.5
1750,0.5,0.5,0.5,0.5,0.5
1751,0.5,0.5,0.5,0.5,0.5
1752,0.5,0.5,0.5,0.5,0.5
1753,0.5,0.5,0.5,0.5,0.5
1754,0.5,0.5,0.5,0.5,0.5
1755,0.5,0.5,0.5,0.5,0.5
1756,0.5,0.5,0.5,0.5,0.5
1757,0.5,0.5,0.5,0.5,0.5
1758,0.5,0.5,0.5,0.5,0.5
1759,0.5,0.5,0.5,0.5,0.5
1760,0.5,0.5,0.5,0.5,0.5
1761,0.5,0.5,0.5,0.5,0.5
1762,0.5,0.5,0.5,0.5,0.5
1763,0.5,0.5,0.5,0.5,0.5
1764,0.5,0.5,0.5,0.5,0.5
1765,0.5,0.5,0.5,0.5,0.5
1766,0.5,0.5,0.5,0.5,0.5
1767,0.5,0.5,0.5,0.5,0.5
1768,0.5,0.5,0.5,0.5,0.5
1769,0.5,0.5,0.5,0.5,0.5
1770,0.5,0.5,0.5,0.5,0.5
1771,0.5,0.5,0.5,0.5,0.5
1772,0.5,0.5,0.5,0.5,0.5
1773,0.5,0.5,0.5,0.5,0.5
1774,0.5,0.5,0.5,0.5,0.5
1775,0.5,0.5,0.5,0.5,0.5
1776,0.7075626849308435,0.5,0.5,0.5,0.5
1777,0.7075626849308435,0.5,0.5,0.5,0.5
1778,0.7075626849308435,0.5,0.5,0.5,0.5
1779,0.7075626849308435,0.5,0.5,0.5,0.5
1780,0.7075626849308435,0.5,0.5,0.5,0.5
1781,0.7075626849308435,0.5,0.5,0.5,0.5
1782,0.7075626849308435,0.5,0.5,0.5,0.5
1783,0.7075626849308435,0.5,0.5,0.5,0.5
1784,0.7075626849308435,0.5,0.5,0.5,0.5
1785,0.7075626849308435,0.5,0.5,0.5,0.5
1786,0.7075626849308435,0.5,0.5,0.5,0.5
1787,0.7075626849308435,0.5,0.5,0.5,0.5
1788,0.7075626849308435,0.5,0.5,0.5,0.5
1789,0.7075626849308435,0.5,0.5,0.5,0.5
1790,0.7075626849308435,0.5,0.5,0.5,0.5
1791,0.7075626849308435,0.5,0.5,0.5,0.5
1792,0.7075626849308435,0.5,0.5,0.5,0.5
1793,0.7075626849308435,0.5,0.5,0.5,0.5
1794,0.7075626849308435,0.5,0.5,0.5,0.5
1795,0.7075626849308435,0.5,0.5,0.5,0.5
1796,0.7075626849308435,0.5,0.5,0.5,0.5
1797,0.7075626849308435,0.5,0.5,0.5,0.5
1798,0.7075626849308435,0.5,0.5,0.5,0.5
1799,0.7075626849308435,0.5,0.5,0.5,0.5
1800,0.7075626849308435,0.5,0.5,0.5,0.5
1801,0.7075626849308435,0.5,0.5,0.5,0.5
1802,0.7075626849308435,0.5,0.5,0.5,0.5
1803,0.7075626849308435,0.5,0.5,0.5,0.5
1804,0.7075626849308435,0.5,0.5,0.5,0.5
1805,0.7075626849308435,0.5,0.5,0.5,0.5
1806,0.7075626849308435,0.5,0.5,0.5,0.5
1807,0.7075626849308435,0.5,0.5,0.5,0.5
1808,0.7075626849308435,0.5,0.5,0.5,0.5
1809,0.7075626849308435,0.5,0.5,0.5,0.5
1810,0.7075626849308435,0.5,0.5,0.5,0.5
1811,0.7075626849308435,0.5,0.5,0.5,0.5
1812,0.7075626849308435,0.5,0.5,0.5,0.5
1813,0.7075626849308435,0.5,0.5,0.5,0.5
1814,0.7075626849308435,0.5,0.5,0.5,0.5
1815,0.7075626849308435,0.5,0.5,0.5,0.5
1816,0.7075626849308435,0.5,0.7076309521902374,0.7076129420244058,0.5
1817,0.7075626849308435,0.5,0.7076309521902374,0.7076129420244058,0.5
1818,0.7075626849308435,0.5,0.7076309521902374,0.7076129420244058,0.5
1819,0.7075626849308435,0.5,0.7076309521902374,0.7076129420244058,0.5
1820,0.7075626849308435,0.5,0.7076309521902374,0.7076129420244058,0.5
1821,0.7075626849308435,0.5,1.0,0.7076129420244058,0.5
1822,0.7075626849308435,0.5,1.0,0.7076129420244058,0.5
1823,0.7075626849308435,0.5,1.0,0.7076129420244058,0.5
1824,0.7075626849308435,0.5,1.0,1.0,0.5
1825,0.7075626849308435,0.5,1.0,1.0,0.5
1826,0.7075626849308435,0.5,1.0,1.0,0.5
1827,0.7075626849308435,0.5,1.0,1.0,0.5
1828,0.7075626849308435,0.5,1.0,1.0,0.5
1829,0.7075626849308435,0.5,1.0,1.0,0.5
1830,0.7075626849308435,0.5,1.0,1.0,0.5
1831,0.7075626849308435,0.5,1.0,1.0,0.5
1832,0.7075626849308435,0.5,1.0,1.0,0.5
1833,0.7075626849308435,0.5,1.0,1.0,0.5
1834,0.7075626849308435,0.5,1.0,1.0,0.5
1835,0.7075626849308435,0.5,1.0,1.0,0.5
1836,0.7075626849308435,0.5,1.0,1.0,0.5
1837,0.7075626849308435,0.5,1.0,1.0,0.5
1838,0.7075626849308435,0.5,1.0,1.0,0.5
1839,0.7075626849308435,0.5,1.0,1.0,0.5
1840,0.7075626849308435,0.5,1.0,1.0,0.5
1841,0.7075626849308435,0.5,1.0,1.0,0.5
1842,0.7075626849308435,0.5,1.0,1.0,0.5
1843,0.7075626849308435,0.5,1.0,1.0,0.5
1844,0.7075626849308435,0.5,1.0,1.0,0.5
1845,0.7075626849308435,0.5,1.0,1.0,0.5
1846,0.7075626849308435,0.5,1.0,1.0,0.5
1847,0.7075626849308435,0.5,1.0,1.0,0.7075342943165822
1848,1.11891429576489,0.5,1.0,1.0,0.7075342943165822
1849,1.11891429576489,0.5,1.0,1.0,0.7075342943165822
1850,1.11891429576489,0.5,1.0,1.0,0.7075342943165822
1851,1.118927646385865,0.5,1.4159692582359071,1.0,0.7075342943165822
1852,1.118927646385865,0.5,1.4159692582359071,1.0,0.7075342943165822
1853,1.118927646385865,0.5,1.4159692582359071,1.0,0.7075342943165822
1854,1.118927646385865,0.5,1.4159692582359071,1.0,0.7075342943165822
1855,1.118927646385865,0.5,1.4159692582359071,1.0,0.7075342943165822
1856,1.5823793677661413,0.5,1.4159692582359071,1.0,0.7075342943165822
1857,1.5823793677661413,0.5,1.4159692582359071,1.0,0.7075342943165822
1858,1.5823793677661413,0.5,1.4159692582359071,1.0,0.7075342943165822
1859,1.5823793677661413,0.5,1.4159692582359071,1.0,0.7075342943165822
1860,1.5823793677661413,0.5,1.4159692582359071,1.0,0.7075342943165822
1861,1.5823793677661413,0.5,1.4159692582359071,1.0,0.7075342943165822
1862,1.5823793677661413,0.5,1.4159692582359071,1.0,0.7075342943165822
1863,1.5823793677661413,0.5,1.4159692582359071,1.0,0.7075342943165822
1864,1.5823793677661413,0.5,1.4159692582359071,1.0,0.7075342943165822
1865,1.5823793677661413,0.5,1.4159692582359071,1.0,0.7075342943165822
1866,1.5823793677661413,0.5,1.4159692582359071,1.0,0.7075342943165822
1867,1.5823793677661413,0.5,1.4159692582359071,1.0,0.7075342943165822
1868,1.5823793677661413,0.5,1.4159692582359071,1.0,0.7075342943165822
1869,1.5823793677661413,0.5,1.4159692582359071,1.0,0.7075342943165822
1870,1.5823793677661413,0.5,1.4159692582359071,1.0,0.7075342943165822
1871,1.5823793677661413,0.5,1.4159692582359071,1.0,0.7075342943165822
1872,1.5825858417549241,0.5,1.4159692582359071,1.0,0.7075342943165822
1873,1.5825858417549241,0.5,1.4159692582359071,1.0,0.7075342943165822
1874,1.5825858417549241,0.5,1.4159692582359071,1.0,0.7075342943165822
1875,1.5825858417549241,0.5,1.4159692582359071,1.0,0.7075342943165822
1876,1.5825858417549241,0.5,1.4159692582359071,1.0,0.7075342943165822
1877,1.5825858417549241,0.5,1.5359268659649161,1.0,0.7075342943165822
1878,1.5825858417549241,0.5,1.5359268659649161,1.0,0.7075342943165822
1879,1.5825858417549241,0.5,1.5359268659649161,1.0,0.7075342943165822
1880,1.5825858417549241,0.5,1.5359268659649161,1.0,0.7075342943165822
1881,1.5825858417549241,0.7076305639155805,1.5359268659649161,1.0,0.7075342943165822
1882,1.5825858417549241,0.7076305639155805,1.5359268659649161,1.0,0.7075342943165822
1883,1.5825858417549241,0.7076305639155805,1.5359268659649161,1.0,0.7075342943165822
1884,1.5825858417549241,0.7076305639155805,1.5359268659649161,1.0,0.7075342943165822
1885,1.5825858417549241,0.7076305639155805,1.5359268659649161,1.0,0.7075342943165822
1886,1.5825858417549241,0.7076305639155805,1.5359268659649161,1.0,0.7075342943165822
1887,1.5825858417549241,0.7076305639155805,1.5359268659649161,1.0,0.7075342943165822
1888,1.5825858417549241,0.7076305639155805,1.5359268659649161,1.0,0.7075342943165822
1889,1.5825858417549241,0.7076305639155805,1.5359268659649161,1.0,0.7075342943165822
1890,1.5825858417549241,0.7076305639155805,1.5359268659649161,1.0,0.7075342943165822
1891,1.5825858417549241,0.7076305639155805,1.5359268659649161,1.0,0.7075342943165822
1892,1.5825858417549241,0.7076305639155805,1.5359268659649161,1.5,0.7075342943165822
1893,1.5825858417549241,0.7076305639155805,1.8055659288899022,1.5,0.7075342943165822
1894,1.5825858417549241,1.795652569486377,1.8055659288899022,1.5,0.7075342943165822
1895,1.5825858417549241,1.795652569486377,1.8055659288899022,1.5,0.7075342943165822
1896,1.5825858417549241,1.795652569486377,1.8055659288899022,1.5,0.7075342943165822
1897,1.5825858417549241,1.795652569486377,1.8055659288899022,1.5,0.7075342943165822
1898,1.5825858417549241,1.795652569486377,1.8055659288899022,1.5,0.7075342943165822
1899,1.5825858417549241,1.795652569486377,1.8055659288899022,1.5,0.7075342943165822
1900,1.5825858417549241,1.795652569486377,1.8055659288899022,1.5,0.7075342943165822
1901,1.5825858417549241,1.795652569486377,1.8055659288899022,1.5,0.7075342943165822
1902,1.5825858417549241,1.795652569486377,1.8055659288899022,1.5,0.7075342943165822
1903,1.5825858417549241,1.795652569486377,1.8055659288899022,1.5,0.7075342943165822
1904,1.5825858417549241,1.795652569486377,1.8055659288899022,1.5,0.7075342943165822
1905,1.5825858417549241,1.795652569486377,1.8055659288899022,1.5,0.7075342943165822
1906,1.5825858417549241,1.795652569486377,1.8055659288899022,1.5,0.7075342943165822
1907,1.5825858417549241,1.795652569486377,1.8055659288899022,1.5,0.7075342943165822
1908,1.5825858417549241,1.795652569486377,1.8055659288899022,1.5,0.7075342943165822
1909,1.795552072215399,1.795652569486377,1.8055659288899022,1.5,0.7075342943165822
1910,1.795552072215399,1.795652569486377,1.8055659288899022,1.5,0.7075342943165822
1911,1.795552072215399,1.795652569486377,1.8055659288899022,1.5,0.7075342943165822
1912,1.795552072215399,1.795652569486377,1.8055659288899022,1.5,0.7075342943165822
1913,1.795552072215399,1.795652569486377,1.8055659288899022,1.5,0.7075342943165822
1914,1.795552072215399,1.795652569486377,1.8055659288899022,1.5,0.7075342943165822
1915,1.795552072215399,1.795652569486377,1.8055659288899022,1.5,0.7075342943165822
1916,1.795552072215399,1.795652569486377,1.8055659288899022,1.5,0.7075342943165822
1917,1.795552072215399,1.795652569486377,1.8055659288899022,1.5,0.7075342943165822
1918,1.795552072215399,1.795652569486377,1.8055659288899022,1.5,1.1402314733802066
1919,1.795552072215399,1.795652569486377,1.8055659288899022,1.5,1.1402314733802066
1920,1.795552072215399,1.795652569486377,1.8055659288899022,1.5,1.1402314733802066
1921,1.795552072215399,1.795652569486377,1.8055659288899022,1.5,1.1402314733802066
1922,1.795552072215399,1.795652569486377,1.8055659288899022,1.5,1.1402314733802066
1923,1.795552072215399,1.795652569486377,1.8055659288899022,1.5,1.1402314733802066
1924,2.1251702865666684,1.795652569486377,1.8055659288899022,1.5,1.1402314733802066
1925,2.1251702865666684,1.795652569486377,1.8055659288899022,1.5,1.1402314733802066
1926,2.1251702865666684,2.063716043102548,1.8055659288899022,1.5,2.9124200138712695
1927,2.1251702865666684,2.063716043102548,1.8055659288899022,1.5,2.9124200138712695
1928,2.1251702865666684,2.063716043102548,1.8055659288899022,1.5,2.9124200138712695
1929,2.1251702865666684,2.063716043102548,1.8055659288899022,1.5,2.9124200138712695
1930,2.1251702865666684,2.063716043102548,1.8055659288899022,1.5,2.9124200138712695
1931,2.1251702865666684,2.063716043102548,1.8055659288899022,1.5,2.9124200138712695
1932,2.1251702865666684,2.063716043102548,1.8055659288899022,1.5,2.9124200138712695
1933,2.1251702865666684,2.063716043102548,1.8055659288899022,1.5,2.9124200138712695
1934,2.1251702865666684,2.063716043102548,1.8055659288899022,1.5,2.9124200138712695
1935,2.1251702865666684,2.063716043102548,1.8055659288899022,1.5,3.732072771614535
1936,2.1251702865666684,2.063716043102548,1.8055659288899022,1.5,3.732072771614535
1937,2.1251702865666684,2.063716043102548,1.8055659288899022,4.281550123243653,3.732072771614535
1938,2.1251702865666684,2.063716043102548,1.8055659288899022,4.281550123243653,3.732072771614535
1939,2.1251702865666684,2.063716043102548,1.8055659288899022,4.281550123243653,3.732072771614535
1940,2.1251702865666684,2.063716043102548,1.8055659288899022,4.281550123243653,3.732072771614535
1941,2.1251702865666684,2.063716043102548,1.8055659288899022,4.47541628007518,3.732072771614535
1942,2.1251702865666684,2.063716043102548,1.8055659288899022,4.47541628007518,3.732072771614535
1943,2.1251702865666684,2.063716043102548,1.8055659288899022,4.47541628007518,3.732072771614535
1944,2.1251702865666684,2.063716043102548,1.8055659288899022,4.47541628007518,3.732072771614535
1945,2.1251702865666684,2.063716043102548,1.8055659288899022,4.47541628007518,3.732072771614535
1946,2.1251702865666684,2.063716043102548,1.8055659288899022,4.5585719849835105,3.732072771614535
1947,2.1251702865666684,2.063716043102548,1.8055659288899022,4.5585719849835105,3.732072771614535
1948,2.1251702865666684,2.063716043102548,1.8055659288899022,4.5585719849835105,3.732072771614535
1949,2.1251702865666684,2.063716043102548,1.8055659288899022,4.5585719849835105,3.732072771614535
1950,2.1251702865666684,2.063716043102548,1.8055659288899022,4.5585719849835105,3.732072771614535
1951,2.1251702865666684,2.063716043102548,1.8055659288899022,4.5585719849835105,3.732072771614535
1952,2.1251702865666684,2.063716043102548,1.8055659288899022,4.5585719849835105,3.732072771614535
1953,2.1251702865666684,2.063716043102548,1.8055659288899022,4.5585719849835105,3.732072771614535
1954,2.1251702865666684,2.063716043102548,1.8055659288899022,4.5585719849835105,3.732072771614535
1955,2.1251702865666684,2.063716043102548,1.8055659288899022,6.042940701554517,4.471887928053022
1956,2.1251702865666684,2.063716043102548,1.8055659288899022,6.175989744420461,4.471887928053022
1957,2.1251702865666684,2.063716043102548,1.8055659288899022,6.175989744420461,4.471887928053022
1958,2.1251702865666684,2.063716043102548,1.8055659288899022,6.175989744420461,5.715516005385534
1959,2.1251702865666684,2.063716043102548,1.8055659288899022,6.175989744420461,5.715516005385534
1960,2.1251702865666684,2.063716043102548,9.15804319021706,6.175989744420461,5.715516005385534
1961,2.1251702865666684,2.063716043102548,9.15804319021706,6.175989744420461,5.715516005385534
1962,2.1251702865666684,2.063716043102548,9.15804319021706,6.175989744420461,5.715516005385534
1963,10.974381807170028,2.063716043102548,9.15804319021706,6.175989744420461,5.715516005385534
1964,10.974381807170028,2.063716043102548,9.15804319021706,6.175989744420461,5.715516005385534
1965,10.974381807170028,2.063716043102548,9.15804319021706,9.968011498793182,5.715516005385534
1966,10.974381807170028,2.063716043102548,9.15804319021706,9.968011498793182,5.715516005385534
1967,10.974381807170028,2.063716043102548,9.15804319021706,10.769492313598779,5.715516005385534
1968,11.639593346341046,2.063716043102548,9.15804319021706,10.769492313598779,5.715516005385534
1969,11.639593346341046,2.063716043102548,9.15804319021706,14.618829524459015,5.715516005385534
1970,11.639593346341046,2.063716043102548,9.15804319021706,14.618829524459015,5.715516005385534
1971,11.639593346341046,2.063716043102548,9.15804319021706,14.618829524459015,5.715516005385534
1972,11.639593346341046,8.336368354427655,9.15804319021706,14.618829524459015,5.715516005385534
1973,11.639593346341046,8.336368354427655,9.15804319021706,14.618829524459015,5.715516005385534
1974,14.315641943858118,8.336368354427655,16.899278287381716,14.618829524459015,16.994900871413186
1975,14.315641943858118,10.18728559045925,16.899278287381716,14.618829524459015,16.994900871413186
1976,14.315641943858118,10.18728559045925,16.899278287381716,14.618829524459015,16.994900871413186
1977,14.315641943858118,10.18728559045925,16.899278287381716,14.618829524459015,16.994900871413186
1978,14.582842783159974,10.18728559045925,16.899278287381716,14.658892546227609,16.994900871413186
1979,14.582842783159974,10.18728559045925,16.899278287381716,14.658892546227609,16.994900871413186
1980,14.582842783159974,10.18728559045925,16.899278287381716,14.658892546227609,16.994900871413186
1981,21.19551634009182,10.18728559045925,23.233327898282738,14.658892546227609,16.994900871413186
1982,21.19551634009182,10.18728559045925,23.233327898282738,14.658892546227609,17.108008446321925
1983,22.585311830353383,10.18728559045925,23.233327898282738,14.658892546227609,17.108008446321925
1984,26.923823567361655,10.18728559045925,23.233327898282738,14.658892546227609,17.108008446321925
1985,26.923823567361655,14.387984734933923,40.59522105599623,14.658892546227609,17.108008446321925
1986,26.923823567361655,14.387984734933923,42.09290748449431,14.658892546227609,17.108008446321925
1987,26.952068233249122,14.387984734933923,42.09290748449431,14.658892546227609,17.108008446321925
1988,26.952068233249122,14.387984734933923,42.09290748449431,14.658892546227609,23.364805302536336
1989,26.952068233249122,14.387984734933923,61.72521191203117,14.658892546227609,28.308641593047422
1990,26.952068233249122,14.387984734933923,61.72521191203117,14.658892546227609,28.308641593047422
1991,32.38309932202463,14.387984734933923,78.83295874918807,22.6206328247386,28.308641593047422
1992,32.38309932202463,21.47742768976105,78.83295874918807,22.6206328247386,28.308641593047422
1993,37.000917251732474,21.47742768976105,78.83295874918807,22.6206328247386,28.308641593047422
1994,66.75709949402238,29.948748842430973,117.77623425236271,29.707817667209017,28.308641593047422
1995,146.85796665871047,112.12338341436248,225.18597780365792,179.04030822683552,94.8078583994762
1996,226.62442534094964,291.9039348130275,225.18597780365792,290.08788742483114,99.74305777632728
1997,,,,,
1998,,,,,
1999,,,,,
2000,,,,,
